Stage,Length,Factors,WGS,TPT,Total_Time_ms
128K_z2z_512_sbrr,512,"[2, 2, 2, 2, 2, 2, 2, 2, 2]",256,256,61.987568
128K_z2z_512_sbrr,512,"[2, 2, 2, 2, 2, 2, 2, 2, 2]",512,256,62.837354272727275
128K_z2z_512_sbrr,512,"[2, 2, 2, 2, 2, 2, 2, 2, 2]",1024,1024,63.79179854545455
128K_z2z_512_sbrr,512,"[2, 2, 2, 2, 2, 2, 2, 2, 2]",512,512,64.13842354545454
128K_z2z_512_sbrr,512,"[2, 2, 2, 2, 2, 2, 2, 2, 2]",1024,512,64.24853181818182
128K_z2z_512_sbrr,512,"[2, 2, 2, 2, 2, 2, 2, 2, 2]",128,128,68.29131336363636
128K_z2z_512_sbrr,512,"[2, 2, 2, 2, 2, 2, 2, 2, 2]",256,128,70.2648260909091
128K_z2z_512_sbrr,512,"[2, 2, 2, 2, 2, 2, 2, 2, 2]",64,64,81.05574854545455
128K_z2z_512_sbrr,512,"[2, 2, 2, 2, 2, 2, 2, 2, 2]",1024,256,83.48078863636364
128K_z2z_512_sbrr,512,"[2, 2, 2, 2, 2, 2, 2, 2, 2]",128,64,86.53754045454545
128K_z2z_512_sbrr,512,"[2, 2, 2, 2, 2, 2, 2, 2, 2]",512,128,97.601765
128K_z2z_512_sbrr,512,"[2, 2, 2, 2, 2, 2, 2, 2, 2]",1024,128,98.14307645454545
128K_z2z_512_sbrr,512,"[2, 2, 2, 2, 2, 2, 2, 2, 2]",64,32,120.51178236363636
128K_z2z_512_sbrr,512,"[2, 2, 2, 2, 2, 2, 2, 2, 2]",256,64,130.03986309090908
128K_z2z_512_sbrr,512,"[2, 2, 2, 2, 2, 2, 2, 2, 2]",512,64,130.38994336363635
128K_z2z_512_sbrr,512,"[2, 2, 2, 2, 2, 2, 2, 2, 2]",128,32,199.1747709090909
128K_z2z_512_sbrr,512,"[2, 2, 2, 2, 2, 2, 2, 2, 2]",256,32,203.81279645454546
128K_z2z_256_sbrr,256,"[8, 4, 4, 2]",64,32,288.5492433636364
128K_z2z_256_sbrr,256,"[8, 4, 4, 2]",128,64,291.49808154545457
128K_z2z_256_sbrr,256,"[8, 4, 4, 2]",128,128,292.15783927272724
128K_z2z_256_sbrr,256,"[8, 4, 4, 2]",256,128,292.6649607272727
128K_z2z_256_sbrr,256,"[16, 8, 2]",64,32,293.3807320909091
128K_z2z_256_sbrr,256,"[16, 4, 4]",128,64,300.73375945454546
128K_z2z_256_sbrr,256,"[16, 8, 2]",64,64,301.17760745454547
128K_z2z_256_sbrr,256,"[4, 4, 4, 4]",128,64,302.92238736363635
128K_z2z_256_sbrr,256,"[4, 2, 2, 2, 2, 2, 2]",128,128,303.02841381818183
128K_z2z_256_sbrr,256,"[2, 2, 2, 2, 2, 2, 2, 2]",128,128,303.84524145454543
128K_z2z_256_sbrr,256,"[2, 2, 2, 2, 2, 2, 2, 2]",256,128,304.60956263636365
128K_z2z_256_sbrr,256,"[4, 4, 2, 2, 2, 2]",128,128,304.96165354545457
128K_z2z_256_sbrr,256,"[4, 2, 2, 2, 2, 2, 2]",256,128,305.56281654545455
128K_z2z_256_sbrr,256,"[16, 8, 2]",128,64,305.9290771818182
128K_z2z_256_sbrr,256,"[4, 4, 2, 2, 2, 2]",256,128,306.41819127272726
128K_z2z_256_sbrr,256,"[4, 4, 4, 2, 2]",64,64,306.43349390909094
128K_z2z_256_sbrr,256,"[4, 4, 4, 2, 2]",128,64,306.59237554545456
128K_z2z_256_sbrr,256,"[4, 2, 2, 2, 2, 2, 2]",64,64,307.140086
128K_z2z_256_sbrr,256,"[4, 4, 2, 2, 2, 2]",128,64,307.4796595454546
128K_z2z_256_sbrr,256,"[4, 4, 2, 2, 2, 2]",64,64,307.9241878181818
128K_z2z_256_sbrr,256,"[4, 4, 4, 2, 2]",128,128,308.07568745454546
128K_z2z_256_sbrr,256,"[4, 4, 4, 2, 2]",256,128,308.2592341818182
128K_z2z_256_sbrr,256,"[8, 4, 2, 2, 2]",64,64,308.3784821818182
128K_z2z_256_sbrr,256,"[8, 2, 2, 2, 2, 2]",128,128,308.46268427272724
128K_z2z_256_sbrr,256,"[8, 8, 4]",64,32,308.88350490909096
128K_z2z_256_sbrr,256,"[8, 2, 2, 2, 2, 2]",64,64,309.2717835454546
128K_z2z_256_sbrr,256,"[8, 4, 4, 2]",256,64,309.43273090909094
128K_z2z_256_sbrr,256,"[4, 4, 4, 4]",64,64,309.6238766363636
128K_z2z_256_sbrr,256,"[4, 2, 2, 2, 2, 2, 2]",128,64,309.65166427272726
128K_z2z_256_sbrr,256,"[4, 4, 4, 4]",128,128,309.72741236363635
128K_z2z_256_sbrr,256,"[8, 2, 2, 2, 2, 2]",128,64,310.4469293636364
128K_z2z_256_sbrr,256,"[8, 4, 4, 2]",64,64,310.5418665454546
128K_z2z_256_sbrr,256,"[8, 8, 2, 2]",64,32,310.89474481818183
128K_z2z_256_sbrr,256,"[8, 4, 4, 2]",512,64,311.66847354545456
128K_z2z_256_sbrr,256,"[8, 8, 4]",128,64,311.77035827272726
128K_z2z_256_sbrr,256,"[4, 4, 4, 4]",256,128,311.7936019090909
128K_z2z_256_sbrr,256,"[8, 8, 2, 2]",128,64,311.94024918181816
128K_z2z_256_sbrr,256,"[8, 4, 2, 2, 2]",128,128,312.36712672727276
128K_z2z_256_sbrr,256,"[8, 8, 4]",64,64,312.5812353636364
128K_z2z_256_sbrr,256,"[8, 4, 4, 2]",1024,64,312.6328986363636
128K_z2z_256_sbrr,256,"[8, 2, 2, 2, 2, 2]",256,128,312.65229345454543
128K_z2z_256_sbrr,256,"[8, 4, 4, 2]",128,32,312.65921572727274
128K_z2z_256_sbrr,256,"[2, 2, 2, 2, 2, 2, 2, 2]",64,64,312.6958871818182
128K_z2z_256_sbrr,256,"[8, 4, 2, 2, 2]",128,64,312.7019248181818
128K_z2z_256_sbrr,256,"[8, 8, 2, 2]",64,64,312.80184981818184
128K_z2z_256_sbrr,256,"[8, 4, 2, 2, 2]",256,128,313.7984768181818
128K_z2z_256_sbrr,256,"[4, 4, 4, 4]",64,32,313.8888851818182
128K_z2z_256_sbrr,256,"[8, 4, 4, 2]",256,32,314.743998
128K_z2z_256_sbrr,256,"[8, 4, 2, 2, 2]",64,32,314.90864627272725
128K_z2z_256_sbrr,256,"[4, 2, 2, 2, 2, 2, 2]",256,256,315.9706291818182
128K_z2z_256_sbrr,256,"[4, 4, 2, 2, 2, 2]",64,32,317.062502
128K_z2z_256_sbrr,256,"[2, 2, 2, 2, 2, 2, 2, 2]",256,256,317.06676563636364
128K_z2z_256_sbrr,256,"[4, 4, 4, 2, 2]",64,32,317.92250172727273
128K_z2z_256_sbrr,256,"[2, 2, 2, 2, 2, 2, 2, 2]",512,256,318.87207454545455
128K_z2z_256_sbrr,256,"[16, 4, 2, 2]",64,64,319.000321
128K_z2z_256_sbrr,256,"[8, 4, 4, 2]",512,256,319.35811609090905
128K_z2z_256_sbrr,256,"[8, 4, 4, 2]",512,32,319.54392890909094
128K_z2z_256_sbrr,256,"[16, 4, 2, 2]",64,32,319.5593513636364
128K_z2z_256_sbrr,256,"[4, 2, 2, 2, 2, 2, 2]",512,256,319.5671278181818
128K_z2z_512_sbrr,512,"[4, 4, 4, 4, 2]",128,128,319.7495313636364
128K_z2z_256_sbrr,256,"[8, 2, 2, 2, 2, 2]",64,32,319.82998645454546
128K_z2z_256_sbrr,256,"[4, 4, 2, 2, 2, 2]",256,256,319.895387
128K_z2z_512_sbrr,512,"[4, 4, 4, 4, 2]",256,128,320.0313495454546
128K_z2z_256_sbrr,256,"[4, 2, 2, 2, 2, 2, 2]",64,32,320.07898654545454
128K_z2z_512_sbrr,512,"[4, 2, 2, 2, 2, 2, 2, 2]",256,256,320.24355881818184
128K_z2z_512_sbrr,512,"[8, 4, 4, 4]",256,128,320.5654590909091
128K_z2z_512_sbrr,512,"[4, 2, 2, 2, 2, 2, 2, 2]",512,256,320.87791009090904
128K_z2z_256_sbrr,256,"[16, 2, 2, 2, 2]",64,32,320.8923948181818
128K_z2z_256_sbrr,256,"[16, 2, 2, 2, 2]",64,64,320.9649486363636
128K_z2z_256_sbrr,256,"[8, 8, 2, 2]",128,128,321.02836309090907
128K_z2z_256_sbrr,256,"[2, 2, 2, 2, 2, 2, 2, 2]",128,64,321.1098007272727
128K_z2z_512_sbrr,512,"[4, 4, 4, 2, 2, 2]",128,128,321.27097463636363
128K_z2z_256_sbrr,256,"[16, 4, 4]",64,32,321.42649109090905
128K_z2z_512_sbrr,512,"[8, 4, 4, 2, 2]",128,128,321.5483376363636
128K_z2z_512_sbrr,512,"[4, 4, 2, 2, 2, 2, 2]",128,128,321.56492436363635
128K_z2z_512_sbrr,512,"[8, 8, 8]",64,64,321.68404890909096
128K_z2z_512_sbrr,512,"[4, 4, 4, 2, 2, 2]",256,128,321.7463611818182
128K_z2z_256_sbrr,256,"[8, 4, 4, 2]",256,256,321.97670309090904
128K_z2z_512_sbrr,512,"[4, 4, 2, 2, 2, 2, 2]",256,256,322.0863598181818
128K_z2z_256_sbrr,256,"[8, 8, 2, 2]",256,128,322.1321884545454
128K_z2z_512_sbrr,512,"[8, 8, 8]",128,64,322.2903979090909
128K_z2z_256_sbrr,256,"[16, 16]",64,32,322.5026153636364
128K_z2z_512_sbrr,512,"[8, 4, 4, 4]",128,128,323.3931222727272
128K_z2z_256_sbrr,256,"[8, 4, 4, 2]",1024,128,323.39438045454546
128K_z2z_512_sbrr,512,"[8, 4, 2, 2, 2, 2]",128,128,323.5494371818182
128K_z2z_256_sbrr,256,"[8, 4, 4, 2]",512,128,323.6039927272727
128K_z2z_256_sbrr,256,"[16, 8, 2]",128,128,323.6335225454546
128K_z2z_256_sbrr,256,"[8, 8, 4]",128,128,323.6691590909091
128K_z2z_256_sbrr,256,"[4, 4, 4, 2, 2]",256,256,323.745724
128K_z2z_256_sbrr,256,"[16, 4, 2, 2]",128,64,323.7795382727272
128K_z2z_512_sbrr,512,"[8, 2, 2, 2, 2, 2, 2]",256,256,324.00522145454545
128K_z2z_256_sbrr,256,"[4, 4, 4, 4]",256,256,324.0871384545454
128K_z2z_512_sbrr,512,"[8, 2, 2, 2, 2, 2, 2]",128,128,324.2083121818182
128K_z2z_512_sbrr,512,"[4, 4, 2, 2, 2, 2, 2]",512,256,324.2502611818182
128K_z2z_512_sbrr,512,"[4, 4, 4, 2, 2, 2]",256,256,324.25769754545456
128K_z2z_512_sbrr,512,"[8, 4, 2, 2, 2, 2]",256,128,324.39399036363636
128K_z2z_512_sbrr,512,"[8, 8, 4, 2]",64,64,324.403355
128K_z2z_256_sbrr,256,"[16, 8, 2]",256,128,324.5197713636364
128K_z2z_256_sbrr,256,"[16, 2, 2, 2, 2]",128,64,324.5560137272727
128K_z2z_256_sbrr,256,"[4, 4, 2, 2, 2, 2]",512,256,324.5991174545454
128K_z2z_512_sbrr,512,"[8, 4, 4, 2, 2]",256,128,324.64196272727276
128K_z2z_256_sbrr,256,"[8, 8, 4]",256,128,324.71321354545455
128K_z2z_512_sbrr,512,"[8, 4, 4, 4]",64,64,324.82603727272726
128K_z2z_256_sbrr,256,"[2, 2, 2, 2, 2, 2, 2, 2]",64,32,324.8378517272727
128K_z2z_512_sbrr,512,"[8, 2, 2, 2, 2, 2, 2]",256,128,324.9255003636364
128K_z2z_512_sbrr,512,"[4, 4, 2, 2, 2, 2, 2]",256,128,325.07669945454546
128K_z2z_512_sbrr,512,"[4, 2, 2, 2, 2, 2, 2, 2]",256,128,325.3801929090909
128K_z2z_512_sbrr,512,"[4, 2, 2, 2, 2, 2, 2, 2]",128,128,325.58275927272723
128K_z2z_512_sbrr,512,"[8, 8, 4, 2]",128,64,325.7527378181818
128K_z2z_256_sbrr,256,"[16, 4, 4]",64,64,325.767926
128K_z2z_512_sbrr,512,"[4, 4, 4, 4, 2]",256,256,325.9117559090909
128K_z2z_512_sbrr,512,"[8, 8, 2, 2, 2]",64,64,326.03105045454544
128K_z2z_512_sbrr,512,"[8, 4, 4, 4]",128,64,326.0921174545454
128K_z2z_512_sbrr,512,"[4, 4, 4, 4, 2]",64,64,326.1290148181818
128K_z2z_512_sbrr,512,"[8, 4, 2, 2, 2, 2]",256,256,326.46410954545456
128K_z2z_256_sbrr,256,"[8, 2, 2, 2, 2, 2]",256,256,326.78299363636364
128K_z2z_512_sbrr,512,"[8, 8, 4, 2]",128,128,327.2113555454546
128K_z2z_512_sbrr,512,"[8, 8, 2, 2, 2]",128,128,327.27494945454544
128K_z2z_512_sbrr,512,"[4, 4, 4, 2, 2, 2]",512,256,327.28121372727276
128K_z2z_256_sbrr,256,"[4, 4, 4, 2, 2]",512,256,327.4211634545454
128K_z2z_512_sbrr,512,"[8, 8, 4, 2]",256,128,327.5092399090909
128K_z2z_512_sbrr,512,"[8, 8, 2, 2, 2]",128,64,327.8981713636364
128K_z2z_256_sbrr,256,"[16, 8, 2]",256,32,327.93162581818183
128K_z2z_512_sbrr,512,"[8, 4, 4, 2, 2]",64,64,328.95770527272725
128K_z2z_512_sbrr,512,"[4, 4, 4, 4, 2]",512,256,329.0883923636364
128K_z2z_512_sbrr,512,"[4, 4, 4, 4, 2]",128,64,329.11304381818184
128K_z2z_512_sbrr,512,"[8, 8, 8]",256,128,329.28808854545457
128K_z2z_512_sbrr,512,"[4, 4, 4, 2, 2, 2]",64,64,329.63944572727274
128K_z2z_512_sbrr,512,"[8, 8, 2, 2, 2]",256,128,329.7228991818182
128K_z2z_512_sbrr,512,"[8, 4, 2, 2, 2, 2]",64,64,330.2822518181818
128K_z2z_256_sbrr,256,"[4, 4, 4, 4]",512,256,330.6147895454546
128K_z2z_512_sbrr,512,"[8, 4, 4, 2, 2]",128,64,330.6280801818182
128K_z2z_512_sbrr,512,"[8, 8, 8]",128,128,330.99495354545456
128K_z2z_512_sbrr,512,"[8, 4, 4, 2, 2]",256,256,331.02484636363636
128K_z2z_256_sbrr,256,"[4, 4, 4, 4]",256,64,331.20961872727275
128K_z2z_256_sbrr,256,"[16, 8, 2]",512,32,331.6755064545454
128K_z2z_512_sbrr,512,"[8, 2, 2, 2, 2, 2, 2]",64,64,332.05644318181817
128K_z2z_512_sbrr,512,"[8, 4, 4, 4]",256,256,332.1744060909091
128K_z2z_512_sbrr,512,"[8, 2, 2, 2, 2, 2, 2]",512,256,332.1974659090909
128K_z2z_512_sbrr,512,"[4, 4, 4, 2, 2, 2]",128,64,332.33936863636364
128K_z2z_512_sbrr,512,"[4, 4, 2, 2, 2, 2, 2]",64,64,332.4116915454546
128K_z2z_512_sbrr,512,"[16, 8, 4]",64,64,332.45716627272725
128K_z2z_256_sbrr,256,"[2, 2, 2, 2, 2, 2, 2, 2]",512,64,332.98876927272727
128K_z2z_512_sbrr,512,"[8, 4, 2, 2, 2, 2]",128,64,333.1802732727273
128K_z2z_256_sbrr,256,"[16, 2, 2, 2, 2]",256,128,333.59728581818183
128K_z2z_512_sbrr,512,"[8, 4, 2, 2, 2, 2]",512,256,333.6278103636364
128K_z2z_256_sbrr,256,"[2, 2, 2, 2, 2, 2, 2, 2]",512,128,333.63670509090906
128K_z2z_512_sbrr,512,"[16, 4, 4, 2]",64,64,333.67086790909093
128K_z2z_256_sbrr,256,"[8, 4, 2, 2, 2]",256,256,333.7963664545454
128K_z2z_512_sbrr,512,"[4, 2, 2, 2, 2, 2, 2, 2]",512,512,333.90699154545456
128K_z2z_256_sbrr,256,"[16, 2, 2, 2, 2]",128,128,333.9602781818182
128K_z2z_256_sbrr,256,"[8, 8, 4]",512,32,334.31018118181817
128K_z2z_512_sbrr,512,"[8, 8, 2, 2, 2]",256,256,334.48514527272727
128K_z2z_256_sbrr,256,"[4, 2, 2, 2, 2, 2, 2]",512,128,334.502233
128K_z2z_512_sbrr,512,"[4, 2, 2, 2, 2, 2, 2, 2]",64,64,334.6471346363636
128K_z2z_512_sbrr,512,"[4, 4, 2, 2, 2, 2, 2]",128,64,334.66607254545454
128K_z2z_512_sbrr,512,"[16, 8, 4]",128,64,334.7451899090909
128K_z2z_256_sbrr,256,"[16, 4, 2, 2]",128,128,334.9899224545454
128K_z2z_256_sbrr,256,"[4, 4, 2, 2, 2, 2]",512,128,334.99310127272724
128K_z2z_256_sbrr,256,"[4, 4, 4, 2, 2]",512,64,335.2840146363636
128K_z2z_256_sbrr,256,"[4, 4, 4, 4]",1024,64,335.4252456363636
128K_z2z_256_sbrr,256,"[16, 8, 2]",64,16,335.83194609090907
128K_z2z_512_sbrr,512,"[16, 4, 4, 2]",128,128,335.8843750909091
128K_z2z_256_sbrr,256,"[8, 8, 4]",128,32,335.8965078181818
128K_z2z_512_sbrr,512,"[8, 2, 2, 2, 2, 2, 2]",128,64,335.969693
128K_z2z_256_sbrr,256,"[4, 4, 4, 2, 2]",256,64,336.1682472727272
128K_z2z_512_sbrr,512,"[16, 4, 2, 2, 2]",64,64,336.24863127272727
128K_z2z_512_sbrr,512,"[8, 4, 4, 2, 2]",512,256,336.26590627272725
128K_z2z_256_sbrr,256,"[16, 8, 2]",128,16,336.3472038181818
128K_z2z_256_sbrr,256,"[4, 4, 4, 2, 2]",1024,64,336.45270009090905
128K_z2z_256_sbrr,256,"[2, 2, 2, 2, 2, 2, 2, 2]",512,512,336.55348036363637
128K_z2z_256_sbrr,256,"[8, 8, 4]",256,32,336.7539294545454
128K_z2z_256_sbrr,256,"[4, 4, 2, 2, 2, 2]",256,64,336.7593
128K_z2z_512_sbrr,512,"[16, 4, 4, 2]",128,64,336.89598645454544
128K_z2z_256_sbrr,256,"[8, 2, 2, 2, 2, 2]",512,256,337.0552149090909
128K_z2z_512_sbrr,512,"[16, 4, 4, 2]",256,128,337.38576045454545
128K_z2z_512_sbrr,512,"[8, 8, 8]",64,32,337.41788590909096
128K_z2z_256_sbrr,256,"[8, 4, 2, 2, 2]",1024,64,337.4440561818182
128K_z2z_512_sbrr,512,"[16, 8, 2, 2]",64,64,337.48409036363637
128K_z2z_256_sbrr,256,"[4, 2, 2, 2, 2, 2, 2]",512,512,337.71013027272727
128K_z2z_512_sbrr,512,"[16, 4, 2, 2, 2]",128,128,337.75268045454544
128K_z2z_512_sbrr,512,"[16, 2, 2, 2, 2, 2]",64,64,337.76846690909093
128K_z2z_256_sbrr,256,"[4, 4, 4, 4]",256,32,337.99736854545455
128K_z2z_256_sbrr,256,"[8, 8, 4]",1024,64,338.124586
128K_z2z_256_sbrr,256,"[4, 4, 4, 4]",512,64,338.14112345454544
128K_z2z_256_sbrr,256,"[16, 8, 2]",128,32,338.14885272727275
128K_z2z_256_sbrr,256,"[8, 4, 2, 2, 2]",256,64,338.2059068181818
128K_z2z_512_sbrr,512,"[4, 4, 2, 2, 2, 2, 2]",512,512,338.3500860909091
128K_z2z_256_sbrr,256,"[16, 8, 2]",256,16,338.3900648181818
128K_z2z_512_sbrr,512,"[16, 8, 2, 2]",128,64,338.54123827272724
128K_z2z_256_sbrr,256,"[8, 8, 4]",256,64,338.6005118181818
128K_z2z_256_sbrr,256,"[16, 16]",128,64,338.740456
128K_z2z_256_sbrr,256,"[4, 4, 2, 2, 2, 2]",512,64,338.75659445454545
128K_z2z_256_sbrr,256,"[8, 4, 2, 2, 2]",512,256,338.8056086363636
128K_z2z_512_sbrr,512,"[16, 4, 2, 2, 2]",128,64,338.9922848181818
128K_z2z_512_sbrr,512,"[4, 2, 2, 2, 2, 2, 2, 2]",1024,512,339.00024209090907
128K_z2z_256_sbrr,256,"[16, 4, 4]",128,128,339.183254
128K_z2z_256_sbrr,256,"[2, 2, 2, 2, 2, 2, 2, 2]",1024,128,339.246053
128K_z2z_512_sbrr,512,"[16, 16, 2]",64,32,339.27483745454543
128K_z2z_256_sbrr,256,"[16, 4, 4]",256,128,339.29670372727276
128K_z2z_256_sbrr,256,"[16, 16]",64,64,339.32205163636365
128K_z2z_256_sbrr,256,"[4, 2, 2, 2, 2, 2, 2]",256,64,339.3623656363636
128K_z2z_256_sbrr,256,"[16, 4, 2, 2]",256,128,339.5506608181818
128K_z2z_256_sbrr,256,"[8, 8, 2, 2]",256,256,339.61336254545455
128K_z2z_256_sbrr,256,"[8, 8, 2, 2]",512,32,339.7678441818182
128K_z2z_512_sbrr,512,"[4, 2, 2, 2, 2, 2, 2, 2]",128,64,339.87458763636363
128K_z2z_512_sbrr,512,"[8, 8, 4, 2]",256,256,340.38640027272726
128K_z2z_256_sbrr,256,"[8, 8, 2, 2]",512,64,340.38699027272725
128K_z2z_256_sbrr,256,"[4, 2, 2, 2, 2, 2, 2]",512,64,340.65420545454543
128K_z2z_256_sbrr,256,"[4, 4, 4, 4]",512,32,340.7142785454546
128K_z2z_512_sbrr,512,"[8, 4, 4, 4]",512,256,340.73108509090906
128K_z2z_512_sbrr,512,"[4, 4, 2, 2, 2, 2, 2]",1024,512,340.92611290909093
128K_z2z_512_sbrr,512,"[16, 2, 2, 2, 2, 2]",256,128,341.2209910909091
128K_z2z_512_sbrr,512,"[8, 8, 2, 2, 2]",512,256,341.26822836363635
128K_z2z_512_sbrr,512,"[16, 8, 4]",64,32,341.562296
128K_z2z_512_sbrr,512,"[16, 16, 2]",64,64,341.65451
128K_z2z_256_sbrr,256,"[4, 4, 2, 2, 2, 2]",1024,64,341.69820472727275
128K_z2z_256_sbrr,256,"[8, 4, 2, 2, 2]",512,64,341.76624263636364
128K_z2z_256_sbrr,256,"[4, 2, 2, 2, 2, 2, 2]",1024,128,341.79084645454543
128K_z2z_256_sbrr,256,"[8, 8, 4]",512,64,341.940058
128K_z2z_512_sbrr,512,"[4, 4, 4, 2, 2, 2]",512,512,341.94340227272727
128K_z2z_256_sbrr,256,"[8, 8, 2, 2]",128,32,342.1432602727273
128K_z2z_256_sbrr,256,"[8, 8, 2, 2]",256,32,342.15463872727275
128K_z2z_256_sbrr,256,"[8, 2, 2, 2, 2, 2]",1024,64,342.1834686363636
128K_z2z_256_sbrr,256,"[4, 4, 2, 2, 2, 2]",1024,128,342.45821218181817
128K_z2z_512_sbrr,512,"[16, 4, 2, 2, 2]",256,128,342.4658452727273
128K_z2z_512_sbrr,512,"[8, 4, 4, 4]",64,32,342.7930301818182
128K_z2z_256_sbrr,256,"[16, 8, 2]",256,64,342.7940951818182
128K_z2z_512_sbrr,512,"[16, 2, 2, 2, 2, 2]",128,64,342.8753705454546
128K_z2z_512_sbrr,512,"[4, 4, 4, 2, 2, 2]",1024,512,343.03749463636365
128K_z2z_256_sbrr,256,"[4, 4, 4, 4]",128,32,343.04140009090906
128K_z2z_256_sbrr,256,"[8, 8, 2, 2]",256,64,343.08214636363635
128K_z2z_512_sbrr,512,"[16, 16, 2]",128,64,343.12397045454543
128K_z2z_256_sbrr,256,"[8, 2, 2, 2, 2, 2]",512,64,343.20974481818183
128K_z2z_256_sbrr,256,"[8, 4, 2, 2, 2]",1024,128,343.3280597272728
128K_z2z_256_sbrr,256,"[4, 2, 2, 2, 2, 2, 2]",1024,512,343.59488163636365
128K_z2z_256_sbrr,256,"[8, 2, 2, 2, 2, 2]",256,64,343.7398340909091
128K_z2z_512_sbrr,512,"[16, 8, 2, 2]",128,128,343.79773354545455
128K_z2z_512_sbrr,512,"[16, 8, 2, 2]",256,128,344.303736
128K_z2z_256_sbrr,256,"[8, 4, 2, 2, 2]",256,32,344.4201499090909
128K_z2z_256_sbrr,256,"[4, 4, 4, 2, 2]",512,128,344.4999401818182
128K_z2z_512_sbrr,512,"[16, 8, 4]",256,128,344.61748563636365
128K_z2z_256_sbrr,256,"[4, 4, 2, 2, 2, 2]",512,512,344.7001885454546
128K_z2z_256_sbrr,256,"[4, 4, 4, 2, 2]",512,32,344.7118959090909
128K_z2z_512_sbrr,512,"[8, 8, 8]",256,256,344.91823354545454
128K_z2z_256_sbrr,256,"[8, 8, 2, 2]",1024,64,345.09910345454546
128K_z2z_256_sbrr,256,"[2, 2, 2, 2, 2, 2, 2, 2]",1024,512,345.1997824545454
128K_z2z_512_sbrr,512,"[4, 4, 4, 4, 2]",512,512,345.21459090909093
128K_z2z_256_sbrr,256,"[8, 4, 2, 2, 2]",512,32,345.43540654545455
128K_z2z_256_sbrr,256,"[4, 2, 2, 2, 2, 2, 2]",1024,64,345.54274136363637
128K_z2z_512_sbrr,512,"[16, 4, 4, 2]",64,32,345.65132081818183
128K_z2z_512_sbrr,512,"[8, 2, 2, 2, 2, 2, 2]",512,512,345.6762662727273
128K_z2z_512_sbrr,512,"[16, 8, 4]",128,128,345.8290849090909
128K_z2z_256_sbrr,256,"[8, 2, 2, 2, 2, 2]",512,128,345.9915929090909
128K_z2z_512_sbrr,512,"[16, 2, 2, 2, 2, 2]",128,128,346.01274909090904
128K_z2z_256_sbrr,256,"[4, 4, 4, 4]",512,128,346.1127640909091
128K_z2z_256_sbrr,256,"[4, 4, 4, 2, 2]",1024,128,346.2828753636364
128K_z2z_256_sbrr,256,"[8, 2, 2, 2, 2, 2]",1024,128,346.384854
128K_z2z_256_sbrr,256,"[16, 4, 4]",256,16,346.59158990909094
128K_z2z_256_sbrr,256,"[16, 16]",128,16,346.63802236363637
128K_z2z_256_sbrr,256,"[8, 4, 4, 2]",256,16,347.0854146363636
128K_z2z_256_sbrr,256,"[4, 4, 4, 2, 2]",128,32,347.1682348181818
128K_z2z_256_sbrr,256,"[4, 4, 4, 4]",1024,128,347.2507318181818
128K_z2z_256_sbrr,256,"[8, 4, 2, 2, 2]",512,128,347.51813227272726
128K_z2z_256_sbrr,256,"[8, 4, 2, 2, 2]",128,32,347.654738
128K_z2z_512_sbrr,512,"[16, 8, 2, 2]",64,32,347.68900545454545
128K_z2z_256_sbrr,256,"[2, 2, 2, 2, 2, 2, 2, 2]",1024,64,347.7689986363636
128K_z2z_256_sbrr,256,"[8, 4, 4, 2]",128,16,348.5955635454546
128K_z2z_256_sbrr,256,"[8, 8, 4]",256,256,348.6239305454546
128K_z2z_256_sbrr,256,"[4, 4, 4, 2, 2]",256,32,349.3166153636364
128K_z2z_512_sbrr,512,"[8, 8, 4, 2]",512,256,349.61738627272723
128K_z2z_512_sbrr,512,"[16, 2, 2, 2, 2, 2]",256,256,349.6534357272727
128K_z2z_256_sbrr,256,"[4, 4, 4, 4]",512,512,349.68538054545456
128K_z2z_256_sbrr,256,"[16, 4, 4]",256,32,349.75321
128K_z2z_512_sbrr,512,"[8, 8, 4, 2]",64,32,349.8286511818182
128K_z2z_256_sbrr,256,"[16, 16]",64,16,349.85615954545455
128K_z2z_512_sbrr,512,"[8, 4, 4, 2, 2]",64,32,350.3111922727272
128K_z2z_256_sbrr,256,"[2, 2, 2, 2, 2, 2, 2, 2]",256,64,350.4288547272727
128K_z2z_256_sbrr,256,"[4, 4, 2, 2, 2, 2]",256,32,350.4648348181818
128K_z2z_512_sbrr,512,"[4, 4, 4, 4, 2]",64,32,350.5632805454546
128K_z2z_256_sbrr,256,"[4, 4, 2, 2, 2, 2]",1024,512,350.97653336363635
128K_z2z_256_sbrr,256,"[16, 4, 4]",128,32,351.0931530909091
128K_z2z_256_sbrr,256,"[8, 4, 4, 2]",64,16,351.5252261818182
128K_z2z_256_sbrr,256,"[16, 16]",256,16,351.6578076363636
128K_z2z_256_sbrr,256,"[8, 8, 2, 2]",1024,128,351.67525209090905
128K_z2z_256_sbrr,256,"[16, 8, 2]",512,64,351.80248109090905
128K_z2z_512_sbrr,512,"[8, 4, 2, 2, 2, 2]",512,512,351.86919863636365
128K_z2z_512_sbrr,512,"[8, 8, 2, 2, 2]",64,32,351.9529256363636
128K_z2z_256_sbrr,256,"[4, 4, 4, 2, 2]",512,512,351.9752083636364
128K_z2z_512_sbrr,512,"[8, 8, 8]",512,256,352.0869624545454
128K_z2z_256_sbrr,256,"[16, 4, 2, 2]",256,32,352.50594109090906
128K_z2z_256_sbrr,256,"[4, 4, 2, 2, 2, 2]",512,32,352.97084618181816
128K_z2z_256_sbrr,256,"[8, 2, 2, 2, 2, 2]",128,32,352.9919778181818
128K_z2z_256_sbrr,256,"[8, 8, 2, 2]",512,256,354.190376
128K_z2z_512_sbrr,512,"[16, 4, 2, 2, 2]",256,256,354.54098163636365
128K_z2z_512_sbrr,512,"[8, 4, 2, 2, 2, 2]",64,32,354.6487762727273
128K_z2z_256_sbrr,256,"[8, 2, 2, 2, 2, 2]",512,32,354.71989045454546
128K_z2z_256_sbrr,256,"[8, 8, 2, 2]",512,128,354.76299154545455
128K_z2z_512_sbrr,512,"[8, 4, 4, 2, 2]",512,512,354.78714845454545
128K_z2z_256_sbrr,256,"[4, 4, 2, 2, 2, 2]",128,32,355.39163618181817
128K_z2z_256_sbrr,256,"[4, 2, 2, 2, 2, 2, 2]",128,32,355.41100190909094
128K_z2z_256_sbrr,256,"[16, 4, 2, 2]",128,32,355.4388648181818
128K_z2z_256_sbrr,256,"[16, 4, 4]",512,64,355.4456466363636
128K_z2z_256_sbrr,256,"[8, 2, 2, 2, 2, 2]",256,32,355.56243190909095
128K_z2z_512_sbrr,512,"[4, 4, 4, 2, 2, 2]",64,32,355.63574054545455
128K_z2z_256_sbrr,256,"[8, 8, 4]",512,128,355.78176854545455
128K_z2z_512_sbrr,512,"[4, 4, 4, 4, 2]",1024,512,355.8099649090909
128K_z2z_512_sbrr,512,"[16, 4, 2, 2, 2]",64,32,355.81290309090906
128K_z2z_512_sbrr,512,"[8, 4, 4, 4]",512,128,355.8621358181818
128K_z2z_256_sbrr,256,"[4, 2, 2, 2, 2, 2, 2]",256,32,356.01766072727276
128K_z2z_512_sbrr,512,"[8, 4, 4, 4]",512,512,356.20959427272726
128K_z2z_256_sbrr,256,"[2, 2, 2, 2, 2, 2, 2, 2]",1024,256,356.2161603636364
128K_z2z_256_sbrr,256,"[4, 2, 2, 2, 2, 2, 2]",1024,256,356.52261772727275
128K_z2z_256_sbrr,256,"[4, 2, 2, 2, 2, 2, 2]",512,32,356.64117127272726
128K_z2z_512_sbrr,512,"[8, 8, 8]",256,64,356.75427145454546
128K_z2z_256_sbrr,256,"[16, 2, 2, 2, 2]",128,32,356.85846909090907
128K_z2z_512_sbrr,512,"[4, 4, 4, 2, 2, 2]",512,128,357.00633409090904
128K_z2z_512_sbrr,512,"[16, 2, 2, 2, 2, 2]",64,32,357.07724290909096
128K_z2z_256_sbrr,256,"[16, 4, 2, 2]",512,64,357.68877563636363
128K_z2z_256_sbrr,256,"[8, 8, 4]",512,256,357.7391303636364
128K_z2z_256_sbrr,256,"[8, 8, 4]",1024,128,357.8587790909091
128K_z2z_512_sbrr,512,"[16, 16, 2]",128,128,357.89970290909093
128K_z2z_512_sbrr,512,"[8, 8, 8]",512,64,357.9723952727272
128K_z2z_512_sbrr,512,"[16, 4, 4, 2]",256,256,358.2006810909091
128K_z2z_256_sbrr,256,"[16, 16]",128,32,358.384675
128K_z2z_512_sbrr,512,"[8, 2, 2, 2, 2, 2, 2]",1024,512,358.4924430909091
128K_z2z_256_sbrr,256,"[16, 16]",128,128,358.5419416363636
128K_z2z_512_sbrr,512,"[8, 4, 4, 4]",1024,128,359.09313627272724
128K_z2z_512_sbrr,512,"[8, 4, 4, 2, 2]",512,128,359.31719872727274
128K_z2z_256_sbrr,256,"[16, 4, 4]",128,16,359.72001018181817
128K_z2z_256_sbrr,256,"[16, 4, 2, 2]",512,32,359.81471154545454
128K_z2z_256_sbrr,256,"[8, 8, 4]",128,16,359.88129072727276
128K_z2z_512_sbrr,512,"[4, 2, 2, 2, 2, 2, 2, 2]",1024,1024,359.9401797272727
128K_z2z_512_sbrr,512,"[4, 4, 4, 4, 2]",512,128,360.20513154545455
128K_z2z_512_sbrr,512,"[4, 4, 2, 2, 2, 2, 2]",512,128,360.60200654545457
128K_z2z_256_sbrr,256,"[8, 2, 2, 2, 2, 2]",512,512,360.89125927272727
128K_z2z_256_sbrr,256,"[16, 16]",256,32,361.19752054545455
128K_z2z_256_sbrr,256,"[8, 8, 4]",256,16,361.2984639090909
128K_z2z_256_sbrr,256,"[16, 2, 2, 2, 2]",512,64,361.6315086363636
128K_z2z_256_sbrr,256,"[2, 2, 2, 2, 2, 2, 2, 2]",128,32,362.0936876363636
128K_z2z_512_sbrr,512,"[4, 4, 2, 2, 2, 2, 2]",1024,128,362.150748
128K_z2z_256_sbrr,256,"[16, 2, 2, 2, 2]",256,32,362.177948
128K_z2z_512_sbrr,512,"[8, 4, 4, 2, 2]",1024,128,362.8448062727272
128K_z2z_256_sbrr,256,"[16, 16]",512,32,362.88847927272724
128K_z2z_512_sbrr,512,"[4, 4, 4, 4, 2]",1024,128,363.0201810909091
128K_z2z_512_sbrr,512,"[16, 8, 2, 2]",256,256,363.057569
128K_z2z_512_sbrr,512,"[4, 2, 2, 2, 2, 2, 2, 2]",1024,256,363.0614828181818
128K_z2z_512_sbrr,512,"[8, 4, 2, 2, 2, 2]",512,128,363.41474245454543
128K_z2z_512_sbrr,512,"[8, 2, 2, 2, 2, 2, 2]",64,32,363.55362309090907
128K_z2z_256_sbrr,256,"[16, 4, 2, 2]",1024,64,363.59395245454544
128K_z2z_256_sbrr,256,"[16, 2, 2, 2, 2]",512,32,363.69116027272725
128K_z2z_512_sbrr,512,"[4, 4, 2, 2, 2, 2, 2]",1024,256,363.8388795454546
128K_z2z_256_sbrr,256,"[16, 2, 2, 2, 2]",256,64,363.9256362727273
128K_z2z_256_sbrr,256,"[2, 2, 2, 2, 2, 2, 2, 2]",512,32,363.99450854545455
128K_z2z_512_sbrr,512,"[8, 4, 2, 2, 2, 2]",1024,512,364.02631236363635
128K_z2z_256_sbrr,256,"[16, 4, 4]",512,32,364.1150746363636
128K_z2z_512_sbrr,512,"[4, 2, 2, 2, 2, 2, 2, 2]",512,128,364.1910332727272
128K_z2z_256_sbrr,256,"[8, 8, 4]",64,16,364.28973309090907
128K_z2z_256_sbrr,256,"[16, 4, 4]",64,16,364.3692434545454
128K_z2z_256_sbrr,256,"[16, 4, 2, 2]",256,64,364.814955
128K_z2z_256_sbrr,256,"[2, 2, 2, 2, 2, 2, 2, 2]",256,32,364.97477672727274
128K_z2z_512_sbrr,512,"[4, 4, 2, 2, 2, 2, 2]",64,32,364.9762114545454
128K_z2z_512_sbrr,512,"[8, 8, 4, 2]",256,64,364.9951728181818
128K_z2z_256_sbrr,256,"[8, 4, 4, 2]",1024,256,365.01582545454545
128K_z2z_512_sbrr,512,"[4, 4, 4, 2, 2, 2]",1024,128,365.8219010909091
128K_z2z_512_sbrr,512,"[8, 2, 2, 2, 2, 2, 2]",512,128,365.87364245454546
128K_z2z_512_sbrr,512,"[4, 4, 2, 2, 2, 2, 2]",1024,1024,365.93703363636365
128K_z2z_512_sbrr,512,"[4, 2, 2, 2, 2, 2, 2, 2]",1024,128,366.28588454545456
128K_z2z_256_sbrr,256,"[16, 8, 2]",256,256,366.66074772727274
128K_z2z_512_sbrr,512,"[8, 4, 4, 2, 2]",1024,512,366.75540454545455
128K_z2z_512_sbrr,512,"[16, 4, 2, 2, 2]",512,256,366.90944718181817
128K_z2z_512_sbrr,512,"[8, 4, 2, 2, 2, 2]",1024,128,366.99917872727275
128K_z2z_512_sbrr,512,"[8, 8, 4, 2]",512,128,367.01135190909093
128K_z2z_256_sbrr,256,"[16, 4, 4]",256,256,367.08664090909093
128K_z2z_512_sbrr,512,"[8, 4, 4, 4]",512,64,367.44846381818184
128K_z2z_256_sbrr,256,"[4, 4, 4, 4]",128,16,367.6259653636364
128K_z2z_512_sbrr,512,"[8, 4, 4, 4]",256,64,367.8205535454546
128K_z2z_512_sbrr,512,"[16, 8, 4]",256,256,367.8628545454546
128K_z2z_512_sbrr,512,"[8, 4, 4, 4]",1024,512,367.9186086363636
128K_z2z_512_sbrr,512,"[4, 4, 4, 2, 2, 2]",1024,256,368.03725627272723
128K_z2z_256_sbrr,256,"[16, 2, 2, 2, 2]",256,256,368.0527963636364
128K_z2z_512_sbrr,512,"[8, 8, 2, 2, 2]",256,64,368.5212898181818
128K_z2z_256_sbrr,256,"[16, 16]",256,128,369.0886098181818
128K_z2z_256_sbrr,256,"[4, 4, 4, 4]",256,16,369.2641745454546
128K_z2z_512_sbrr,512,"[8, 8, 8]",512,128,369.526677
128K_z2z_512_sbrr,512,"[8, 8, 2, 2, 2]",1024,128,369.7150506363636
128K_z2z_512_sbrr,512,"[8, 8, 2, 2, 2]",512,128,369.86914690909094
128K_z2z_512_sbrr,512,"[8, 8, 4, 2]",512,64,370.137512
128K_z2z_256_sbrr,256,"[8, 8, 2, 2]",256,16,370.84068981818183
128K_z2z_512_sbrr,512,"[16, 4, 4, 2]",512,256,370.85058572727274
128K_z2z_256_sbrr,256,"[16, 4, 2, 2]",256,256,371.0553668181818
128K_z2z_512_sbrr,512,"[8, 8, 2, 2, 2]",512,512,371.0931310909091
128K_z2z_512_sbrr,512,"[8, 2, 2, 2, 2, 2, 2]",1024,128,371.25269136363636
128K_z2z_512_sbrr,512,"[8, 8, 4, 2]",1024,128,371.372529
128K_z2z_512_sbrr,512,"[16, 2, 2, 2, 2, 2]",512,256,371.45404409090906
128K_z2z_256_sbrr,256,"[16, 4, 4]",1024,64,371.66018427272724
128K_z2z_256_sbrr,256,"[16, 4, 4]",256,64,371.72691727272723
128K_z2z_256_sbrr,256,"[4, 4, 4, 4]",1024,512,371.98513245454546
128K_z2z_512_sbrr,512,"[8, 8, 2, 2, 2]",512,64,372.07505136363636
128K_z2z_512_sbrr,512,"[4, 2, 2, 2, 2, 2, 2, 2]",64,32,372.24088254545455
128K_z2z_256_sbrr,256,"[8, 8, 2, 2]",64,16,372.28488236363637
128K_z2z_256_sbrr,256,"[8, 4, 2, 2, 2]",512,512,372.3907044545454
128K_z2z_512_sbrr,512,"[8, 8, 8]",1024,128,372.695216
128K_z2z_256_sbrr,256,"[16, 4, 2, 2]",256,16,372.82302054545454
128K_z2z_256_sbrr,256,"[4, 4, 2, 2, 2, 2]",1024,256,372.9798389090909
128K_z2z_512_sbrr,512,"[4, 4, 4, 4, 2]",512,64,373.015381
128K_z2z_512_sbrr,512,"[4, 4, 4, 4, 2]",256,64,373.1086911818182
128K_z2z_256_sbrr,256,"[16, 4, 2, 2]",128,16,373.4124074545454
128K_z2z_256_sbrr,256,"[16, 2, 2, 2, 2]",1024,64,373.92504527272723
128K_z2z_512_sbrr,512,"[4, 4, 4, 2, 2, 2]",1024,1024,374.36779790909094
128K_z2z_512_sbrr,512,"[8, 8, 4, 2]",512,512,374.5391430909091
128K_z2z_512_sbrr,512,"[8, 8, 8]",512,512,374.93624872727275
128K_z2z_256_sbrr,256,"[4, 4, 4, 2, 2]",1024,256,375.82056590909093
128K_z2z_512_sbrr,512,"[16, 16, 2]",256,128,376.44491436363637
128K_z2z_512_sbrr,512,"[8, 4, 4, 2, 2]",512,64,376.70629954545456
128K_z2z_256_sbrr,256,"[8, 4, 4, 2]",1024,512,376.73609627272725
128K_z2z_512_sbrr,512,"[4, 4, 4, 4, 2]",1024,256,377.69950654545454
128K_z2z_256_sbrr,256,"[8, 8, 2, 2]",128,16,378.07224472727273
128K_z2z_256_sbrr,256,"[4, 4, 4, 2, 2]",1024,512,378.07294818181816
128K_z2z_512_sbrr,512,"[8, 8, 8]",128,32,378.33247872727276
128K_z2z_512_sbrr,512,"[8, 2, 2, 2, 2, 2, 2]",1024,256,378.45113472727274
128K_z2z_512_sbrr,512,"[16, 4, 4, 2]",256,64,378.5596944545454
128K_z2z_512_sbrr,512,"[16, 16, 2]",256,32,379.2420651818182
128K_z2z_512_sbrr,512,"[8, 4, 2, 2, 2, 2]",1024,256,379.33818472727273
128K_z2z_256_sbrr,256,"[4, 4, 4, 4]",1024,256,379.4945148181818
128K_z2z_512_sbrr,512,"[16, 8, 4]",256,64,379.6699919090909
128K_z2z_512_sbrr,512,"[8, 4, 4, 2, 2]",256,64,379.6797418181818
128K_z2z_512_sbrr,512,"[16, 8, 4]",512,256,379.69654854545456
128K_z2z_256_sbrr,256,"[4, 4, 4, 2, 2]",256,16,379.76650609090905
128K_z2z_512_sbrr,512,"[8, 8, 2, 2, 2]",1024,512,379.7796438181818
128K_z2z_256_sbrr,256,"[4, 4, 4, 2, 2]",128,16,379.89159354545455
128K_z2z_512_sbrr,512,"[8, 4, 2, 2, 2, 2]",512,64,379.94608290909093
128K_z2z_256_sbrr,256,"[4, 4, 4, 4]",64,16,380.01068072727276
128K_z2z_256_sbrr,256,"[4, 4, 4, 2, 2]",64,16,380.1749778181818
128K_z2z_512_sbrr,512,"[16, 8, 2, 2]",512,256,380.18166745454545
128K_z2z_512_sbrr,512,"[4, 4, 4, 2, 2, 2]",256,64,380.34526927272725
128K_z2z_512_sbrr,512,"[4, 4, 4, 2, 2, 2]",512,64,380.39152209090906
128K_z2z_256_sbrr,256,"[16, 2, 2, 2, 2]",512,128,381.2152731818182
128K_z2z_256_sbrr,256,"[16, 2, 2, 2, 2]",256,16,381.3113018181818
128K_z2z_512_sbrr,512,"[8, 4, 4, 2, 2]",1024,256,381.43808345454545
128K_z2z_512_sbrr,512,"[8, 4, 4, 4]",1024,256,381.48784609090904
128K_z2z_256_sbrr,256,"[16, 8, 2]",512,128,381.785422
128K_z2z_256_sbrr,256,"[16, 4, 4]",512,128,381.90483863636365
128K_z2z_512_sbrr,512,"[8, 8, 8]",256,32,381.9620728181818
128K_z2z_256_sbrr,256,"[4, 2, 2, 2, 2, 2, 2]",1024,1024,382.04886172727277
128K_z2z_256_sbrr,256,"[8, 2, 2, 2, 2, 2]",1024,256,382.0617171818182
128K_z2z_256_sbrr,256,"[16, 2, 2, 2, 2]",128,16,382.20087190909095
128K_z2z_256_sbrr,256,"[8, 2, 2, 2, 2, 2]",1024,512,382.44425618181816
128K_z2z_256_sbrr,256,"[16, 2, 2, 2, 2]",64,16,382.544398
128K_z2z_256_sbrr,256,"[16, 16]",512,64,382.76833454545454
128K_z2z_256_sbrr,256,"[8, 4, 2, 2, 2]",64,16,382.9806448181818
128K_z2z_512_sbrr,512,"[16, 16, 2]",128,32,383.1637446363636
128K_z2z_512_sbrr,512,"[4, 4, 4, 4, 2]",1024,1024,383.1886850909091
128K_z2z_512_sbrr,512,"[8, 4, 2, 2, 2, 2]",256,64,383.33481490909094
128K_z2z_256_sbrr,256,"[8, 4, 4, 2]",512,512,383.3491343636364
128K_z2z_512_sbrr,512,"[16, 4, 2, 2, 2]",256,64,383.47511790909095
128K_z2z_256_sbrr,256,"[8, 4, 2, 2, 2]",256,16,383.5422279090909
128K_z2z_512_sbrr,512,"[16, 8, 2, 2]",256,64,384.4803472727273
128K_z2z_256_sbrr,256,"[16, 16]",256,64,384.5423620909091
128K_z2z_512_sbrr,512,"[8, 8, 8]",1024,512,384.87488309090907
128K_z2z_512_sbrr,512,"[8, 8, 4, 2]",1024,512,384.9036078181818
128K_z2z_256_sbrr,256,"[8, 4, 2, 2, 2]",1024,256,384.91677727272724
128K_z2z_512_sbrr,512,"[8, 2, 2, 2, 2, 2, 2]",256,64,385.32338209090904
128K_z2z_512_sbrr,512,"[16, 8, 4]",128,32,385.73576909090906
128K_z2z_512_sbrr,512,"[16, 8, 4]",512,64,386.0464013636364
128K_z2z_256_sbrr,256,"[16, 4, 2, 2]",512,128,386.0953686363636
128K_z2z_512_sbrr,512,"[8, 8, 2, 2, 2]",1024,256,386.1253975454546
128K_z2z_256_sbrr,256,"[16, 4, 2, 2]",64,16,386.61387036363635
128K_z2z_256_sbrr,256,"[2, 2, 2, 2, 2, 2, 2, 2]",1024,1024,386.677336
128K_z2z_512_sbrr,512,"[8, 4, 4, 4]",128,32,387.0883579090909
128K_z2z_512_sbrr,512,"[16, 8, 2, 2]",512,64,387.3809926363636
128K_z2z_512_sbrr,512,"[8, 4, 4, 4]",256,32,387.71695145454544
128K_z2z_256_sbrr,256,"[8, 4, 2, 2, 2]",128,16,387.722963
128K_z2z_512_sbrr,512,"[8, 2, 2, 2, 2, 2, 2]",512,64,387.97455490909095
128K_z2z_512_sbrr,512,"[16, 16, 2]",256,256,388.0790629090909
128K_z2z_256_sbrr,256,"[4, 4, 2, 2, 2, 2]",128,16,388.5324325454546
128K_z2z_512_sbrr,512,"[16, 4, 4, 2]",512,64,388.70780327272723
128K_z2z_512_sbrr,512,"[4, 4, 2, 2, 2, 2, 2]",256,64,388.8852413636364
128K_z2z_512_sbrr,512,"[16, 8, 4]",256,32,389.695145
128K_z2z_256_sbrr,256,"[4, 4, 2, 2, 2, 2]",64,16,389.7829152727272
128K_z2z_512_sbrr,512,"[16, 4, 4, 2]",512,128,389.7897186363636
128K_z2z_512_sbrr,512,"[4, 2, 2, 2, 2, 2, 2, 2]",512,64,390.72623963636363
128K_z2z_512_sbrr,512,"[4, 2, 2, 2, 2, 2, 2, 2]",256,64,390.95028554545456
128K_z2z_512_sbrr,512,"[4, 4, 2, 2, 2, 2, 2]",512,64,391.394279
128K_z2z_512_sbrr,512,"[8, 8, 4, 2]",128,32,391.394742
128K_z2z_512_sbrr,512,"[16, 4, 2, 2, 2]",512,64,392.1469870909091
128K_z2z_256_sbrr,256,"[4, 4, 2, 2, 2, 2]",256,16,392.27630154545454
128K_z2z_512_sbrr,512,"[8, 8, 4, 2]",1024,256,392.6550136363636
128K_z2z_256_sbrr,256,"[8, 2, 2, 2, 2, 2]",64,16,392.6633074545454
128K_z2z_512_sbrr,512,"[16, 2, 2, 2, 2, 2]",256,64,392.96892027272725
128K_z2z_256_sbrr,256,"[8, 4, 2, 2, 2]",1024,512,393.7409006363636
128K_z2z_512_sbrr,512,"[8, 8, 4, 2]",256,32,394.32048727272723
128K_z2z_256_sbrr,256,"[16, 2, 2, 2, 2]",512,256,394.6056316363636
128K_z2z_256_sbrr,256,"[16, 8, 2]",512,256,394.74123572727274
128K_z2z_256_sbrr,256,"[8, 2, 2, 2, 2, 2]",128,16,394.88466227272727
128K_z2z_512_sbrr,512,"[16, 4, 4, 2]",128,32,395.88001027272725
128K_z2z_512_sbrr,512,"[8, 2, 2, 2, 2, 2, 2]",1024,1024,395.99265327272724
128K_z2z_512_sbrr,512,"[16, 4, 2, 2, 2]",512,128,396.11322509090905
128K_z2z_512_sbrr,512,"[16, 8, 2, 2]",128,32,396.2887421818182
128K_z2z_256_sbrr,256,"[16, 4, 2, 2]",512,256,396.43950454545455
128K_z2z_256_sbrr,256,"[8, 2, 2, 2, 2, 2]",256,16,396.46498172727274
128K_z2z_256_sbrr,256,"[16, 4, 4]",512,256,396.5304623636364
128K_z2z_512_sbrr,512,"[8, 8, 8]",1024,256,396.55466654545455
128K_z2z_512_sbrr,512,"[16, 4, 4, 2]",1024,128,397.08847
128K_z2z_512_sbrr,512,"[16, 2, 2, 2, 2, 2]",512,128,397.28623190909093
128K_z2z_512_sbrr,512,"[16, 2, 2, 2, 2, 2]",512,64,397.848746
128K_z2z_512_sbrr,512,"[16, 2, 2, 2, 2, 2]",1024,128,398.28049863636363
128K_z2z_256_sbrr,256,"[8, 8, 2, 2]",1024,256,398.38005072727276
128K_z2z_256_sbrr,256,"[16, 8, 2]",1024,64,398.992724
128K_z2z_512_sbrr,512,"[16, 2, 2, 2, 2, 2]",512,512,399.896162
128K_z2z_256_sbrr,256,"[4, 4, 2, 2, 2, 2]",1024,1024,400.377943
128K_z2z_512_sbrr,512,"[16, 8, 2, 2]",256,32,400.6313502727273
128K_z2z_512_sbrr,512,"[16, 4, 4, 2]",256,32,400.66495709090907
128K_z2z_256_sbrr,256,"[8, 8, 4]",1024,256,400.7261096363636
128K_z2z_512_sbrr,512,"[8, 8, 2, 2, 2]",128,32,400.901405
128K_z2z_512_sbrr,512,"[8, 4, 4, 2, 2]",256,32,401.26879227272724
128K_z2z_512_sbrr,512,"[16, 8, 4]",512,128,401.45911990909093
128K_z2z_512_sbrr,512,"[16, 16, 2]",512,64,402.1584386363636
128K_z2z_256_sbrr,256,"[8, 8, 2, 2]",512,512,402.37870727272724
128K_z2z_512_sbrr,512,"[4, 4, 4, 4, 2]",128,32,402.70353663636365
128K_z2z_256_sbrr,256,"[16, 16]",256,256,402.83604854545456
128K_z2z_512_sbrr,512,"[8, 4, 4, 2, 2]",128,32,403.3683841818182
128K_z2z_512_sbrr,512,"[4, 4, 4, 4, 2]",256,32,403.7075525454546
128K_z2z_512_sbrr,512,"[16, 4, 2, 2, 2]",512,512,404.0600026363636
128K_z2z_512_sbrr,512,"[16, 8, 2, 2]",512,128,404.3791960909091
128K_z2z_512_sbrr,512,"[16, 4, 4, 2]",512,512,405.6428323636364
128K_z2z_512_sbrr,512,"[16, 4, 2, 2, 2]",1024,128,406.23087727272724
128K_z2z_512_sbrr,512,"[16, 4, 2, 2, 2]",256,32,406.37560845454544
128K_z2z_512_sbrr,512,"[16, 4, 2, 2, 2]",128,32,406.64612245454543
128K_z2z_256_sbrr,256,"[8, 8, 4]",512,512,407.48552027272723
128K_z2z_256_sbrr,256,"[4, 2, 2, 2, 2, 2, 2]",64,16,407.7583855454546
128K_z2z_256_sbrr,256,"[4, 4, 4, 4]",1024,1024,408.28017827272726
128K_z2z_512_sbrr,512,"[8, 4, 4, 4]",1024,1024,409.62586863636363
128K_z2z_512_sbrr,512,"[16, 16, 2]",256,64,410.06563590909093
128K_z2z_512_sbrr,512,"[8, 4, 2, 2, 2, 2]",1024,1024,410.4161921818182
128K_z2z_512_sbrr,512,"[8, 4, 2, 2, 2, 2]",128,32,410.4169258181818
128K_z2z_256_sbrr,256,"[16, 4, 2, 2]",1024,128,411.0007768181818
128K_z2z_256_sbrr,256,"[4, 2, 2, 2, 2, 2, 2]",256,16,412.014954
128K_z2z_512_sbrr,512,"[16, 16, 2]",512,256,412.2111568181818
128K_z2z_256_sbrr,256,"[4, 2, 2, 2, 2, 2, 2]",128,16,412.37171481818183
128K_z2z_512_sbrr,512,"[8, 8, 2, 2, 2]",256,32,413.04556272727274
128K_z2z_512_sbrr,512,"[4, 4, 4, 2, 2, 2]",128,32,413.6142011818182
128K_z2z_256_sbrr,256,"[16, 2, 2, 2, 2]",1024,128,413.8482478181818
128K_z2z_512_sbrr,512,"[4, 4, 4, 2, 2, 2]",256,32,415.33086072727275
128K_z2z_512_sbrr,512,"[8, 4, 4, 2, 2]",1024,1024,415.3400156363636
128K_z2z_512_sbrr,512,"[16, 2, 2, 2, 2, 2]",256,32,416.23689027272724
128K_z2z_512_sbrr,512,"[8, 4, 2, 2, 2, 2]",256,32,416.41416945454546
128K_z2z_512_sbrr,512,"[16, 2, 2, 2, 2, 2]",128,32,419.0202548181818
128K_z2z_256_sbrr,256,"[4, 4, 4, 2, 2]",1024,1024,420.3618266363636
128K_z2z_256_sbrr,256,"[2, 2, 2, 2, 2, 2, 2, 2]",256,16,421.93012863636363
128K_z2z_256_sbrr,256,"[2, 2, 2, 2, 2, 2, 2, 2]",64,16,421.98473418181817
128K_z2z_512_sbrr,512,"[16, 8, 2, 2]",1024,128,423.8118878181818
128K_z2z_256_sbrr,256,"[8, 8, 2, 2]",1024,512,424.04283363636364
128K_z2z_256_sbrr,256,"[2, 2, 2, 2, 2, 2, 2, 2]",128,16,424.31036409090905
128K_z2z_512_sbrr,512,"[16, 16, 2]",512,128,424.4256171818182
128K_z2z_256_sbrr,256,"[8, 8, 4]",1024,512,424.5501167272727
128K_z2z_512_sbrr,512,"[16, 8, 2, 2]",512,512,426.222887
128K_z2z_512_sbrr,512,"[16, 8, 4]",512,512,426.31227127272723
128K_z2z_256_sbrr,256,"[16, 16]",512,128,427.02649654545456
128K_z2z_512_sbrr,512,"[16, 8, 4]",1024,128,429.9524898181818
128K_z2z_256_sbrr,256,"[16, 4, 4]",512,512,430.21479345454543
128K_z2z_512_sbrr,512,"[8, 2, 2, 2, 2, 2, 2]",256,32,430.4406568181818
128K_z2z_512_sbrr,512,"[8, 2, 2, 2, 2, 2, 2]",128,32,430.5151181818182
128K_z2z_512_sbrr,512,"[4, 4, 2, 2, 2, 2, 2]",128,32,430.7233751818182
128K_z2z_512_sbrr,512,"[4, 4, 2, 2, 2, 2, 2]",256,32,430.97041718181816
128K_z2z_512_sbrr,512,"[16, 16, 2]",64,16,431.5588536363636
128K_z2z_512_sbrr,512,"[16, 16, 2]",128,16,434.60580363636365
128K_z2z_256_sbrr,256,"[16, 4, 2, 2]",512,512,437.01488209090905
128K_z2z_512_sbrr,512,"[16, 2, 2, 2, 2, 2]",1024,512,437.699574
128K_z2z_512_sbrr,512,"[16, 8, 4]",128,16,438.6469364545454
128K_z2z_512_sbrr,512,"[4, 2, 2, 2, 2, 2, 2, 2]",128,32,439.77498709090906
128K_z2z_512_sbrr,512,"[16, 8, 4]",64,16,440.5177111818182
128K_z2z_256_sbrr,256,"[16, 8, 2]",1024,128,441.60292054545454
128K_z2z_256_sbrr,256,"[16, 4, 4]",1024,128,441.79664745454545
128K_z2z_512_sbrr,512,"[16, 2, 2, 2, 2, 2]",1024,256,441.97073354545455
128K_z2z_512_sbrr,512,"[4, 2, 2, 2, 2, 2, 2, 2]",256,32,443.5299321818182
128K_z2z_256_sbrr,256,"[16, 2, 2, 2, 2]",512,512,443.66134736363637
128K_z2z_256_sbrr,256,"[8, 2, 2, 2, 2, 2]",1024,1024,443.90277572727274
128K_z2z_512_sbrr,512,"[8, 8, 8]",1024,1024,444.01157409090905
128K_z2z_512_sbrr,512,"[8, 8, 2, 2, 2]",1024,1024,444.56643454545457
128K_z2z_512_sbrr,512,"[8, 8, 8]",128,16,444.6221443636364
128K_z2z_256_sbrr,256,"[16, 16]",1024,64,445.5526842727273
128K_z2z_512_sbrr,512,"[8, 8, 8]",64,16,446.1995398181818
128K_z2z_512_sbrr,512,"[16, 4, 2, 2, 2]",1024,512,446.3253048181818
128K_z2z_256_sbrr,256,"[16, 16]",512,256,450.1945134545454
128K_z2z_512_sbrr,512,"[8, 8, 4, 2]",1024,1024,456.06670954545456
128K_z2z_512_sbrr,512,"[16, 4, 4, 2]",1024,512,458.62051818181817
128K_z2z_512_sbrr,512,"[16, 4, 4, 2]",64,16,458.65941272727275
128K_z2z_256_sbrr,256,"[8, 4, 4, 2]",1024,1024,460.93833863636365
128K_z2z_512_sbrr,512,"[16, 4, 4, 2]",128,16,461.6125431818182
128K_z2z_512_sbrr,512,"[8, 4, 4, 4]",64,16,463.7546684545454
128K_z2z_512_sbrr,512,"[8, 8, 4, 2]",64,16,466.49640963636364
128K_z2z_512_sbrr,512,"[8, 4, 4, 4]",128,16,466.7126858181818
128K_z2z_512_sbrr,512,"[16, 8, 2, 2]",64,16,467.69240981818183
128K_z2z_512_sbrr,512,"[8, 8, 4, 2]",128,16,468.1557303636364
128K_z2z_256_sbrr,256,"[8, 4, 2, 2, 2]",1024,1024,469.4466438181818
128K_z2z_512_sbrr,512,"[16, 8, 2, 2]",128,16,470.1160211818182
128K_z2z_512_sbrr,512,"[16, 16, 2]",512,512,480.28320390909096
128K_z2z_512_sbrr,512,"[16, 4, 4, 2]",1024,256,481.41771754545454
128K_z2z_512_sbrr,512,"[16, 4, 2, 2, 2]",1024,256,485.4797710909091
128K_z2z_256_sbrr,256,"[16, 8, 2]",512,512,505.01556363636365
128K_z2z_512_sbrr,512,"[16, 8, 4]",1024,256,506.87694
128K_z2z_256_sbrr,256,"[16, 16]",512,512,506.923078
128K_z2z_256_sbrr,256,"[16, 4, 2, 2]",1024,256,506.99646590909094
128K_z2z_512_sbrr,512,"[16, 8, 4]",1024,512,507.49647209090904
128K_z2z_256_sbrr,256,"[16, 2, 2, 2, 2]",1024,256,509.27158427272724
128K_z2z_256_sbrr,256,"[16, 16]",1024,128,510.99209072727274
128K_z2z_256_sbrr,256,"[16, 4, 4]",1024,256,519.4702243636364
128K_z2z_512_sbrr,512,"[16, 8, 2, 2]",1024,256,520.113814090909
128K_z2z_512_sbrr,512,"[16, 8, 2, 2]",1024,512,523.2562031818181
128K_z2z_512_sbrr,512,"[16, 16, 2]",1024,128,527.5584052727272
128K_z2z_512_sbrr,512,"[2, 2, 2, 2, 2, 2, 2, 2, 2]",128,16,533.8132245454545
128K_z2z_512_sbrr,512,"[2, 2, 2, 2, 2, 2, 2, 2, 2]",64,16,533.8310735454546
128K_z2z_256_sbrr,256,"[16, 2, 2, 2, 2]",1024,512,533.9945519090909
128K_z2z_256_sbrr,256,"[8, 8, 2, 2]",1024,1024,537.1502043636364
128K_z2z_256_sbrr,256,"[8, 8, 4]",1024,1024,539.9984935454545
128K_z2z_256_sbrr,256,"[16, 8, 2]",1024,256,564.0877409090908
128K_z2z_512_sbrr,512,"[16, 4, 2, 2, 2]",1024,1024,569.5088925454545
128K_z2z_512_sbrr,512,"[16, 4, 4, 2]",1024,1024,572.3109036363636
128K_z2z_256_sbrr,256,"[16, 4, 4]",1024,512,579.3812552727272
128K_z2z_512_sbrr,512,"[16, 2, 2, 2, 2, 2]",1024,1024,593.8500964545455
128K_z2z_512_sbrr,512,"[16, 16, 2]",1024,256,624.8266004545455
128K_z2z_256_sbrr,256,"[16, 4, 2, 2]",1024,512,645.0409473636364
128K_z2z_256_sbrr,256,"[16, 16]",1024,256,679.0513376363637
128K_z2z_512_sbrr,512,"[8, 8, 2, 2, 2]",64,16,693.1125540909092
128K_z2z_512_sbrr,512,"[16, 4, 2, 2, 2]",64,16,697.5687807272727
128K_z2z_512_sbrr,512,"[8, 4, 4, 2, 2]",64,16,697.5952494545455
128K_z2z_512_sbrr,512,"[8, 8, 2, 2, 2]",128,16,701.414219
128K_z2z_512_sbrr,512,"[8, 4, 4, 2, 2]",128,16,703.7958226363636
128K_z2z_512_sbrr,512,"[16, 4, 2, 2, 2]",128,16,708.008641
128K_z2z_256_sbrr,256,"[16, 8, 2]",1024,512,709.6883810909092
128K_z2z_256_sbrr,256,"[16, 2, 2, 2, 2]",1024,1024,710.91388
128K_z2z_512_sbrr,512,"[16, 16, 2]",1024,512,712.9472979090908
128K_z2z_512_sbrr,512,"[16, 8, 2, 2]",1024,1024,737.1308829090909
128K_z2z_512_sbrr,512,"[16, 8, 4]",1024,1024,737.6358373636364
128K_z2z_512_sbrr,512,"[4, 4, 4, 4, 2]",64,16,745.1644396363637
128K_z2z_512_sbrr,512,"[4, 4, 4, 4, 2]",128,16,748.8354279090909
128K_z2z_512_sbrr,512,"[8, 4, 2, 2, 2, 2]",64,16,766.190097
128K_z2z_256_sbrr,256,"[16, 4, 4]",1024,1024,771.7691861818181
128K_z2z_512_sbrr,512,"[4, 4, 4, 2, 2, 2]",64,16,773.088928
128K_z2z_512_sbrr,512,"[8, 4, 2, 2, 2, 2]",128,16,773.5531262727272
128K_z2z_512_sbrr,512,"[4, 4, 4, 2, 2, 2]",128,16,778.0573373636364
128K_z2z_256_sbrr,256,"[16, 4, 2, 2]",1024,1024,791.5051540909092
128K_z2z_512_sbrr,512,"[16, 2, 2, 2, 2, 2]",128,16,814.1861145454545
128K_z2z_512_sbrr,512,"[16, 2, 2, 2, 2, 2]",64,16,816.8479484545455
128K_z2z_256_sbrr,256,"[16, 16]",1024,512,821.4625914545455
128K_z2z_512_sbrr,512,"[4, 4, 2, 2, 2, 2, 2]",64,16,842.1736264545455
128K_z2z_512_sbrr,512,"[4, 4, 2, 2, 2, 2, 2]",128,16,845.8522020909091
128K_z2z_512_sbrr,512,"[8, 2, 2, 2, 2, 2, 2]",128,16,849.970489
128K_z2z_512_sbrr,512,"[8, 2, 2, 2, 2, 2, 2]",64,16,853.1337903636364
128K_z2z_256_sbrr,256,"[16, 8, 2]",1024,1024,939.1529803636364
128K_z2z_512_sbrr,512,"[4, 2, 2, 2, 2, 2, 2, 2]",64,16,985.834668
128K_z2z_512_sbrr,512,"[4, 2, 2, 2, 2, 2, 2, 2]",128,16,988.2979619090909
128K_z2z_512_sbrr,512,"[16, 16, 2]",1024,1024,1109.5879648181817
128K_z2z_256_sbrr,256,"[16, 16]",1024,1024,1271.522936090909