Mode,Stage,Length,Factors,WGS,TPT,GPU_Time_ms
d2z,N=131072_Stage1_256_sbrc,256,"[8, 4, 4, 2]",64,16,6.039998
d2z,N=131072_Stage1_256_sbrc,256,"[8, 4, 4, 2]",64,32,6.086571
d2z,N=131072_Stage1_256_sbrc,256,"[8, 4, 4, 2]",64,64,7.588927
d2z,N=131072_Stage1_256_sbrc,256,"[8, 4, 4, 2]",128,16,6.183661
d2z,N=131072_Stage1_256_sbrc,256,"[8, 4, 4, 2]",128,32,5.860271
d2z,N=131072_Stage1_256_sbrc,256,"[8, 4, 4, 2]",128,64,6.101843
d2z,N=131072_Stage1_256_sbrc,256,"[8, 4, 4, 2]",128,128,6.793943
d2z,N=131072_Stage1_256_sbrc,256,"[8, 4, 4, 2]",256,16,6.179748
d2z,N=131072_Stage1_256_sbrc,256,"[8, 4, 4, 2]",256,32,6.00641
d2z,N=131072_Stage1_256_sbrc,256,"[8, 4, 4, 2]",256,64,5.88897
d2z,N=131072_Stage1_256_sbrc,256,"[8, 4, 4, 2]",256,128,6.133841
d2z,N=131072_Stage1_256_sbrc,256,"[8, 4, 4, 2]",256,256,7.218482
d2z,N=131072_Stage1_256_sbrc,256,"[8, 4, 4, 2]",512,32,6.013056
d2z,N=131072_Stage1_256_sbrc,256,"[8, 4, 4, 2]",512,64,6.121989
d2z,N=131072_Stage1_256_sbrc,256,"[8, 4, 4, 2]",512,128,6.182656
d2z,N=131072_Stage1_256_sbrc,256,"[8, 4, 4, 2]",512,256,6.868811
d2z,N=131072_Stage1_256_sbrc,256,"[8, 4, 4, 2]",1024,64,6.12206
d2z,N=131072_Stage1_256_sbrc,256,"[8, 4, 4, 2]",1024,128,6.517423
d2z,N=131072_Stage1_256_sbrc,256,"[8, 4, 4, 2]",1024,256,7.427077
d2z,N=131072_Stage1_256_sbrc,256,"[16, 8, 2]",64,16,5.892109
d2z,N=131072_Stage1_256_sbrc,256,"[16, 8, 2]",64,32,6.149423
d2z,N=131072_Stage1_256_sbrc,256,"[16, 8, 2]",64,64,7.862496
d2z,N=131072_Stage1_256_sbrc,256,"[16, 8, 2]",128,16,6.123978
d2z,N=131072_Stage1_256_sbrc,256,"[16, 8, 2]",128,32,5.82143
d2z,N=131072_Stage1_256_sbrc,256,"[16, 8, 2]",128,64,6.158141
d2z,N=131072_Stage1_256_sbrc,256,"[16, 8, 2]",128,128,6.78982
d2z,N=131072_Stage1_256_sbrc,256,"[16, 8, 2]",256,16,6.134371
d2z,N=131072_Stage1_256_sbrc,256,"[16, 8, 2]",256,32,6.15751
d2z,N=131072_Stage1_256_sbrc,256,"[16, 8, 2]",256,64,6.12106
d2z,N=131072_Stage1_256_sbrc,256,"[16, 8, 2]",256,128,6.305801
d2z,N=131072_Stage1_256_sbrc,256,"[16, 8, 2]",256,256,8.045335
d2z,N=131072_Stage1_256_sbrc,256,"[16, 8, 2]",512,32,6.167313
d2z,N=131072_Stage1_256_sbrc,256,"[16, 8, 2]",512,64,6.348973
d2z,N=131072_Stage1_256_sbrc,256,"[16, 8, 2]",512,128,6.612667
d2z,N=131072_Stage1_256_sbrc,256,"[16, 8, 2]",512,256,8.040793
d2z,N=131072_Stage1_256_sbrc,256,"[16, 8, 2]",1024,64,6.32763
d2z,N=131072_Stage1_256_sbrc,256,"[16, 8, 2]",1024,128,15.543453
d2z,N=131072_Stage1_256_sbrc,256,"[16, 8, 2]",1024,256,27.502381
d2z,N=131072_Stage1_256_sbrc,256,"[16, 4, 4]",64,16,5.905855
d2z,N=131072_Stage1_256_sbrc,256,"[16, 4, 4]",64,32,6.11225
d2z,N=131072_Stage1_256_sbrc,256,"[16, 4, 4]",64,64,8.503836
d2z,N=131072_Stage1_256_sbrc,256,"[16, 4, 4]",128,16,6.106265
d2z,N=131072_Stage1_256_sbrc,256,"[16, 4, 4]",128,32,5.822235
d2z,N=131072_Stage1_256_sbrc,256,"[16, 4, 4]",128,64,6.153798
d2z,N=131072_Stage1_256_sbrc,256,"[16, 4, 4]",128,128,6.878125
d2z,N=131072_Stage1_256_sbrc,256,"[16, 4, 4]",256,16,6.106847
d2z,N=131072_Stage1_256_sbrc,256,"[16, 4, 4]",256,32,6.020737
d2z,N=131072_Stage1_256_sbrc,256,"[16, 4, 4]",256,64,5.959195
d2z,N=131072_Stage1_256_sbrc,256,"[16, 4, 4]",256,128,6.162455
d2z,N=131072_Stage1_256_sbrc,256,"[16, 4, 4]",256,256,7.164431
d2z,N=131072_Stage1_256_sbrc,256,"[16, 4, 4]",512,32,6.014512
d2z,N=131072_Stage1_256_sbrc,256,"[16, 4, 4]",512,64,6.081028
d2z,N=131072_Stage1_256_sbrc,256,"[16, 4, 4]",512,128,6.417566
d2z,N=131072_Stage1_256_sbrc,256,"[16, 4, 4]",512,256,7.195239
d2z,N=131072_Stage1_256_sbrc,256,"[16, 4, 4]",1024,64,6.07518
d2z,N=131072_Stage1_256_sbrc,256,"[16, 4, 4]",1024,128,12.088078
d2z,N=131072_Stage1_256_sbrc,256,"[16, 4, 4]",1024,256,15.31609
d2z,N=131072_Stage1_256_sbrc,256,"[8, 2, 2, 2, 2, 2]",64,16,6.323036
d2z,N=131072_Stage1_256_sbrc,256,"[8, 2, 2, 2, 2, 2]",64,32,6.101653
d2z,N=131072_Stage1_256_sbrc,256,"[8, 2, 2, 2, 2, 2]",64,64,7.123905
d2z,N=131072_Stage1_256_sbrc,256,"[8, 2, 2, 2, 2, 2]",128,16,6.456984
d2z,N=131072_Stage1_256_sbrc,256,"[8, 2, 2, 2, 2, 2]",128,32,6.227326
d2z,N=131072_Stage1_256_sbrc,256,"[8, 2, 2, 2, 2, 2]",128,64,6.129915
d2z,N=131072_Stage1_256_sbrc,256,"[8, 2, 2, 2, 2, 2]",128,128,6.805914
d2z,N=131072_Stage1_256_sbrc,256,"[8, 2, 2, 2, 2, 2]",256,16,6.455908
d2z,N=131072_Stage1_256_sbrc,256,"[8, 2, 2, 2, 2, 2]",256,32,6.313843
d2z,N=131072_Stage1_256_sbrc,256,"[8, 2, 2, 2, 2, 2]",256,64,6.156286
d2z,N=131072_Stage1_256_sbrc,256,"[8, 2, 2, 2, 2, 2]",256,128,6.181348
d2z,N=131072_Stage1_256_sbrc,256,"[8, 2, 2, 2, 2, 2]",256,256,7.23182
d2z,N=131072_Stage1_256_sbrc,256,"[8, 2, 2, 2, 2, 2]",512,32,6.304794
d2z,N=131072_Stage1_256_sbrc,256,"[8, 2, 2, 2, 2, 2]",512,64,6.433973
d2z,N=131072_Stage1_256_sbrc,256,"[8, 2, 2, 2, 2, 2]",512,128,6.30689
d2z,N=131072_Stage1_256_sbrc,256,"[8, 2, 2, 2, 2, 2]",512,256,6.98718
d2z,N=131072_Stage1_256_sbrc,256,"[8, 2, 2, 2, 2, 2]",1024,64,6.430234
d2z,N=131072_Stage1_256_sbrc,256,"[8, 2, 2, 2, 2, 2]",1024,128,6.566905
d2z,N=131072_Stage1_256_sbrc,256,"[8, 2, 2, 2, 2, 2]",1024,256,7.433216
d2z,N=131072_Stage1_256_sbrc,256,"[4, 4, 4, 4]",64,16,5.931064
d2z,N=131072_Stage1_256_sbrc,256,"[4, 4, 4, 4]",64,32,6.09761
d2z,N=131072_Stage1_256_sbrc,256,"[4, 4, 4, 4]",64,64,6.762852
d2z,N=131072_Stage1_256_sbrc,256,"[4, 4, 4, 4]",128,16,6.02481
d2z,N=131072_Stage1_256_sbrc,256,"[4, 4, 4, 4]",128,32,5.910237
d2z,N=131072_Stage1_256_sbrc,256,"[4, 4, 4, 4]",128,64,6.127207
d2z,N=131072_Stage1_256_sbrc,256,"[4, 4, 4, 4]",128,128,6.865463
d2z,N=131072_Stage1_256_sbrc,256,"[4, 4, 4, 4]",256,16,6.025901
d2z,N=131072_Stage1_256_sbrc,256,"[4, 4, 4, 4]",256,32,5.950656
d2z,N=131072_Stage1_256_sbrc,256,"[4, 4, 4, 4]",256,64,5.918802
d2z,N=131072_Stage1_256_sbrc,256,"[4, 4, 4, 4]",256,128,6.166045
d2z,N=131072_Stage1_256_sbrc,256,"[4, 4, 4, 4]",256,256,7.418233
d2z,N=131072_Stage1_256_sbrc,256,"[4, 4, 4, 4]",512,32,5.956052
d2z,N=131072_Stage1_256_sbrc,256,"[4, 4, 4, 4]",512,64,5.923051
d2z,N=131072_Stage1_256_sbrc,256,"[4, 4, 4, 4]",512,128,6.13419
d2z,N=131072_Stage1_256_sbrc,256,"[4, 4, 4, 4]",512,256,7.019371
d2z,N=131072_Stage1_256_sbrc,256,"[4, 4, 4, 4]",1024,64,5.930728
d2z,N=131072_Stage1_256_sbrc,256,"[4, 4, 4, 4]",1024,128,6.248363
d2z,N=131072_Stage1_256_sbrc,256,"[4, 4, 4, 4]",1024,256,7.124535
d2z,N=131072_Stage1_256_sbrc,256,"[16, 4, 2, 2]",64,16,6.05051
d2z,N=131072_Stage1_256_sbrc,256,"[16, 4, 2, 2]",64,32,6.11294
d2z,N=131072_Stage1_256_sbrc,256,"[16, 4, 2, 2]",64,64,7.751761
d2z,N=131072_Stage1_256_sbrc,256,"[16, 4, 2, 2]",128,16,6.214846
d2z,N=131072_Stage1_256_sbrc,256,"[16, 4, 2, 2]",128,32,5.916737
d2z,N=131072_Stage1_256_sbrc,256,"[16, 4, 2, 2]",128,64,6.124475
d2z,N=131072_Stage1_256_sbrc,256,"[16, 4, 2, 2]",128,128,6.709116
d2z,N=131072_Stage1_256_sbrc,256,"[16, 4, 2, 2]",256,16,6.21899
d2z,N=131072_Stage1_256_sbrc,256,"[16, 4, 2, 2]",256,32,6.089419
d2z,N=131072_Stage1_256_sbrc,256,"[16, 4, 2, 2]",256,64,6.108286
d2z,N=131072_Stage1_256_sbrc,256,"[16, 4, 2, 2]",256,128,6.27278
d2z,N=131072_Stage1_256_sbrc,256,"[16, 4, 2, 2]",256,256,7.359354
d2z,N=131072_Stage1_256_sbrc,256,"[16, 4, 2, 2]",512,32,6.092898
d2z,N=131072_Stage1_256_sbrc,256,"[16, 4, 2, 2]",512,64,6.18391
d2z,N=131072_Stage1_256_sbrc,256,"[16, 4, 2, 2]",512,128,6.560881
d2z,N=131072_Stage1_256_sbrc,256,"[16, 4, 2, 2]",512,256,7.404007
d2z,N=131072_Stage1_256_sbrc,256,"[16, 4, 2, 2]",1024,64,6.184971
d2z,N=131072_Stage1_256_sbrc,256,"[16, 4, 2, 2]",1024,128,12.361749
d2z,N=131072_Stage1_256_sbrc,256,"[16, 4, 2, 2]",1024,256,15.582577
d2z,N=131072_Stage1_256_sbrc,256,"[16, 16]",64,16,5.851065
d2z,N=131072_Stage1_256_sbrc,256,"[16, 16]",64,32,6.274585
d2z,N=131072_Stage1_256_sbrc,256,"[16, 16]",64,64,7.094891
d2z,N=131072_Stage1_256_sbrc,256,"[16, 16]",128,16,5.993699
d2z,N=131072_Stage1_256_sbrc,256,"[16, 16]",128,32,6.087456
d2z,N=131072_Stage1_256_sbrc,256,"[16, 16]",128,64,6.411806
d2z,N=131072_Stage1_256_sbrc,256,"[16, 16]",128,128,7.097026
d2z,N=131072_Stage1_256_sbrc,256,"[16, 16]",256,16,6.002117
d2z,N=131072_Stage1_256_sbrc,256,"[16, 16]",256,32,6.376329
d2z,N=131072_Stage1_256_sbrc,256,"[16, 16]",256,64,6.387281
d2z,N=131072_Stage1_256_sbrc,256,"[16, 16]",256,128,6.543384
d2z,N=131072_Stage1_256_sbrc,256,"[16, 16]",256,256,7.847166
d2z,N=131072_Stage1_256_sbrc,256,"[16, 16]",512,32,6.372564
d2z,N=131072_Stage1_256_sbrc,256,"[16, 16]",512,64,6.591164
d2z,N=131072_Stage1_256_sbrc,256,"[16, 16]",512,128,6.885548
d2z,N=131072_Stage1_256_sbrc,256,"[16, 16]",512,256,8.020796
d2z,N=131072_Stage1_256_sbrc,256,"[16, 16]",1024,64,6.59038
d2z,N=131072_Stage1_256_sbrc,256,"[16, 16]",1024,128,18.548975
d2z,N=131072_Stage1_256_sbrc,256,"[16, 16]",1024,256,26.348026
d2z,N=131072_Stage1_256_sbrc,256,"[8, 4, 2, 2, 2]",64,16,6.167222
d2z,N=131072_Stage1_256_sbrc,256,"[8, 4, 2, 2, 2]",64,32,6.068476
d2z,N=131072_Stage1_256_sbrc,256,"[8, 4, 2, 2, 2]",64,64,7.440983
d2z,N=131072_Stage1_256_sbrc,256,"[8, 4, 2, 2, 2]",128,16,6.288462
d2z,N=131072_Stage1_256_sbrc,256,"[8, 4, 2, 2, 2]",128,32,6.091165
d2z,N=131072_Stage1_256_sbrc,256,"[8, 4, 2, 2, 2]",128,64,6.113114
d2z,N=131072_Stage1_256_sbrc,256,"[8, 4, 2, 2, 2]",128,128,6.813085
d2z,N=131072_Stage1_256_sbrc,256,"[8, 4, 2, 2, 2]",256,16,6.284315
d2z,N=131072_Stage1_256_sbrc,256,"[8, 4, 2, 2, 2]",256,32,6.14305
d2z,N=131072_Stage1_256_sbrc,256,"[8, 4, 2, 2, 2]",256,64,6.001508
d2z,N=131072_Stage1_256_sbrc,256,"[8, 4, 2, 2, 2]",256,128,6.149274
d2z,N=131072_Stage1_256_sbrc,256,"[8, 4, 2, 2, 2]",256,256,7.243893
d2z,N=131072_Stage1_256_sbrc,256,"[8, 4, 2, 2, 2]",512,32,6.145347
d2z,N=131072_Stage1_256_sbrc,256,"[8, 4, 2, 2, 2]",512,64,6.234487
d2z,N=131072_Stage1_256_sbrc,256,"[8, 4, 2, 2, 2]",512,128,6.246395
d2z,N=131072_Stage1_256_sbrc,256,"[8, 4, 2, 2, 2]",512,256,6.956531
d2z,N=131072_Stage1_256_sbrc,256,"[8, 4, 2, 2, 2]",1024,64,6.234438
d2z,N=131072_Stage1_256_sbrc,256,"[8, 4, 2, 2, 2]",1024,128,6.400118
d2z,N=131072_Stage1_256_sbrc,256,"[8, 4, 2, 2, 2]",1024,256,7.463916
d2z,N=131072_Stage1_256_sbrc,256,"[8, 8, 2, 2]",64,16,5.997442
d2z,N=131072_Stage1_256_sbrc,256,"[8, 8, 2, 2]",64,32,6.171054
d2z,N=131072_Stage1_256_sbrc,256,"[8, 8, 2, 2]",64,64,7.161705
d2z,N=131072_Stage1_256_sbrc,256,"[8, 8, 2, 2]",128,16,6.201705
d2z,N=131072_Stage1_256_sbrc,256,"[8, 8, 2, 2]",128,32,5.960033
d2z,N=131072_Stage1_256_sbrc,256,"[8, 8, 2, 2]",128,64,6.280074
d2z,N=131072_Stage1_256_sbrc,256,"[8, 8, 2, 2]",128,128,7.00978
d2z,N=131072_Stage1_256_sbrc,256,"[8, 8, 2, 2]",256,16,6.205429
d2z,N=131072_Stage1_256_sbrc,256,"[8, 8, 2, 2]",256,32,6.020001
d2z,N=131072_Stage1_256_sbrc,256,"[8, 8, 2, 2]",256,64,6.067774
d2z,N=131072_Stage1_256_sbrc,256,"[8, 8, 2, 2]",256,128,6.272976
d2z,N=131072_Stage1_256_sbrc,256,"[8, 8, 2, 2]",256,256,7.933323
d2z,N=131072_Stage1_256_sbrc,256,"[8, 8, 2, 2]",512,32,6.014823
d2z,N=131072_Stage1_256_sbrc,256,"[8, 8, 2, 2]",512,64,6.616101
d2z,N=131072_Stage1_256_sbrc,256,"[8, 8, 2, 2]",512,128,6.298341
d2z,N=131072_Stage1_256_sbrc,256,"[8, 8, 2, 2]",512,256,7.319153
d2z,N=131072_Stage1_256_sbrc,256,"[8, 8, 2, 2]",1024,64,6.622833
d2z,N=131072_Stage1_256_sbrc,256,"[8, 8, 2, 2]",1024,128,6.538877
d2z,N=131072_Stage1_256_sbrc,256,"[8, 8, 2, 2]",1024,256,8.565173
d2z,N=131072_Stage1_256_sbrc,256,"[2, 2, 2, 2, 2, 2, 2, 2]",64,16,6.383138
d2z,N=131072_Stage1_256_sbrc,256,"[2, 2, 2, 2, 2, 2, 2, 2]",64,32,6.145393
d2z,N=131072_Stage1_256_sbrc,256,"[2, 2, 2, 2, 2, 2, 2, 2]",64,64,6.700111
d2z,N=131072_Stage1_256_sbrc,256,"[2, 2, 2, 2, 2, 2, 2, 2]",128,16,6.53956
d2z,N=131072_Stage1_256_sbrc,256,"[2, 2, 2, 2, 2, 2, 2, 2]",128,32,6.23361
d2z,N=131072_Stage1_256_sbrc,256,"[2, 2, 2, 2, 2, 2, 2, 2]",128,64,6.20071
d2z,N=131072_Stage1_256_sbrc,256,"[2, 2, 2, 2, 2, 2, 2, 2]",128,128,6.820155
d2z,N=131072_Stage1_256_sbrc,256,"[2, 2, 2, 2, 2, 2, 2, 2]",256,16,6.533771
d2z,N=131072_Stage1_256_sbrc,256,"[2, 2, 2, 2, 2, 2, 2, 2]",256,32,6.262483
d2z,N=131072_Stage1_256_sbrc,256,"[2, 2, 2, 2, 2, 2, 2, 2]",256,64,6.091399
d2z,N=131072_Stage1_256_sbrc,256,"[2, 2, 2, 2, 2, 2, 2, 2]",256,128,6.217904
d2z,N=131072_Stage1_256_sbrc,256,"[2, 2, 2, 2, 2, 2, 2, 2]",256,256,7.431093
d2z,N=131072_Stage1_256_sbrc,256,"[2, 2, 2, 2, 2, 2, 2, 2]",512,32,6.261232
d2z,N=131072_Stage1_256_sbrc,256,"[2, 2, 2, 2, 2, 2, 2, 2]",512,64,6.271267
d2z,N=131072_Stage1_256_sbrc,256,"[2, 2, 2, 2, 2, 2, 2, 2]",512,128,6.128799
d2z,N=131072_Stage1_256_sbrc,256,"[2, 2, 2, 2, 2, 2, 2, 2]",512,256,7.009521
d2z,N=131072_Stage1_256_sbrc,256,"[2, 2, 2, 2, 2, 2, 2, 2]",1024,64,6.270279
d2z,N=131072_Stage1_256_sbrc,256,"[2, 2, 2, 2, 2, 2, 2, 2]",1024,128,6.401262
d2z,N=131072_Stage1_256_sbrc,256,"[2, 2, 2, 2, 2, 2, 2, 2]",1024,256,7.195121
d2z,N=131072_Stage1_256_sbrc,256,"[4, 2, 2, 2, 2, 2, 2]",64,16,6.2779
d2z,N=131072_Stage1_256_sbrc,256,"[4, 2, 2, 2, 2, 2, 2]",64,32,6.088344
d2z,N=131072_Stage1_256_sbrc,256,"[4, 2, 2, 2, 2, 2, 2]",64,64,6.767268
d2z,N=131072_Stage1_256_sbrc,256,"[4, 2, 2, 2, 2, 2, 2]",128,16,6.491383
d2z,N=131072_Stage1_256_sbrc,256,"[4, 2, 2, 2, 2, 2, 2]",128,32,6.246062
d2z,N=131072_Stage1_256_sbrc,256,"[4, 2, 2, 2, 2, 2, 2]",128,64,6.089986
d2z,N=131072_Stage1_256_sbrc,256,"[4, 2, 2, 2, 2, 2, 2]",128,128,6.800679
d2z,N=131072_Stage1_256_sbrc,256,"[4, 2, 2, 2, 2, 2, 2]",256,16,6.485289
d2z,N=131072_Stage1_256_sbrc,256,"[4, 2, 2, 2, 2, 2, 2]",256,32,6.247136
d2z,N=131072_Stage1_256_sbrc,256,"[4, 2, 2, 2, 2, 2, 2]",256,64,6.094409
d2z,N=131072_Stage1_256_sbrc,256,"[4, 2, 2, 2, 2, 2, 2]",256,128,6.045434
d2z,N=131072_Stage1_256_sbrc,256,"[4, 2, 2, 2, 2, 2, 2]",256,256,7.2772
d2z,N=131072_Stage1_256_sbrc,256,"[4, 2, 2, 2, 2, 2, 2]",512,32,6.251297
d2z,N=131072_Stage1_256_sbrc,256,"[4, 2, 2, 2, 2, 2, 2]",512,64,6.258947
d2z,N=131072_Stage1_256_sbrc,256,"[4, 2, 2, 2, 2, 2, 2]",512,128,6.146396
d2z,N=131072_Stage1_256_sbrc,256,"[4, 2, 2, 2, 2, 2, 2]",512,256,6.97281
d2z,N=131072_Stage1_256_sbrc,256,"[4, 2, 2, 2, 2, 2, 2]",1024,64,6.267428
d2z,N=131072_Stage1_256_sbrc,256,"[4, 2, 2, 2, 2, 2, 2]",1024,128,6.346306
d2z,N=131072_Stage1_256_sbrc,256,"[4, 2, 2, 2, 2, 2, 2]",1024,256,7.056169
d2z,N=131072_Stage1_256_sbrc,256,"[4, 4, 2, 2, 2, 2]",64,16,6.15601
d2z,N=131072_Stage1_256_sbrc,256,"[4, 4, 2, 2, 2, 2]",64,32,6.080489
d2z,N=131072_Stage1_256_sbrc,256,"[4, 4, 2, 2, 2, 2]",64,64,6.741316
d2z,N=131072_Stage1_256_sbrc,256,"[4, 4, 2, 2, 2, 2]",128,16,6.283137
d2z,N=131072_Stage1_256_sbrc,256,"[4, 4, 2, 2, 2, 2]",128,32,6.081611
d2z,N=131072_Stage1_256_sbrc,256,"[4, 4, 2, 2, 2, 2]",128,64,6.13713
d2z,N=131072_Stage1_256_sbrc,256,"[4, 4, 2, 2, 2, 2]",128,128,6.913607
d2z,N=131072_Stage1_256_sbrc,256,"[4, 4, 2, 2, 2, 2]",256,16,6.28449
d2z,N=131072_Stage1_256_sbrc,256,"[4, 4, 2, 2, 2, 2]",256,32,6.191734
d2z,N=131072_Stage1_256_sbrc,256,"[4, 4, 2, 2, 2, 2]",256,64,5.980475
d2z,N=131072_Stage1_256_sbrc,256,"[4, 4, 2, 2, 2, 2]",256,128,6.164855
d2z,N=131072_Stage1_256_sbrc,256,"[4, 4, 2, 2, 2, 2]",256,256,7.358029
d2z,N=131072_Stage1_256_sbrc,256,"[4, 4, 2, 2, 2, 2]",512,32,6.189712
d2z,N=131072_Stage1_256_sbrc,256,"[4, 4, 2, 2, 2, 2]",512,64,6.146767
d2z,N=131072_Stage1_256_sbrc,256,"[4, 4, 2, 2, 2, 2]",512,128,6.020663
d2z,N=131072_Stage1_256_sbrc,256,"[4, 4, 2, 2, 2, 2]",512,256,6.982467
d2z,N=131072_Stage1_256_sbrc,256,"[4, 4, 2, 2, 2, 2]",1024,64,6.143078
d2z,N=131072_Stage1_256_sbrc,256,"[4, 4, 2, 2, 2, 2]",1024,128,6.455762
d2z,N=131072_Stage1_256_sbrc,256,"[4, 4, 2, 2, 2, 2]",1024,256,7.16238
d2z,N=131072_Stage1_256_sbrc,256,"[8, 8, 4]",64,16,5.884126
d2z,N=131072_Stage1_256_sbrc,256,"[8, 8, 4]",64,32,6.15339
d2z,N=131072_Stage1_256_sbrc,256,"[8, 8, 4]",64,64,6.967791
d2z,N=131072_Stage1_256_sbrc,256,"[8, 8, 4]",128,16,6.061814
d2z,N=131072_Stage1_256_sbrc,256,"[8, 8, 4]",128,32,5.861347
d2z,N=131072_Stage1_256_sbrc,256,"[8, 8, 4]",128,64,6.225318
d2z,N=131072_Stage1_256_sbrc,256,"[8, 8, 4]",128,128,7.036546
d2z,N=131072_Stage1_256_sbrc,256,"[8, 8, 4]",256,16,6.070482
d2z,N=131072_Stage1_256_sbrc,256,"[8, 8, 4]",256,32,5.971632
d2z,N=131072_Stage1_256_sbrc,256,"[8, 8, 4]",256,64,6.016838
d2z,N=131072_Stage1_256_sbrc,256,"[8, 8, 4]",256,128,6.318889
d2z,N=131072_Stage1_256_sbrc,256,"[8, 8, 4]",256,256,7.817479
d2z,N=131072_Stage1_256_sbrc,256,"[8, 8, 4]",512,32,5.965261
d2z,N=131072_Stage1_256_sbrc,256,"[8, 8, 4]",512,64,6.260475
d2z,N=131072_Stage1_256_sbrc,256,"[8, 8, 4]",512,128,6.292506
d2z,N=131072_Stage1_256_sbrc,256,"[8, 8, 4]",512,256,7.240693
d2z,N=131072_Stage1_256_sbrc,256,"[8, 8, 4]",1024,64,6.26321
d2z,N=131072_Stage1_256_sbrc,256,"[8, 8, 4]",1024,128,6.801405
d2z,N=131072_Stage1_256_sbrc,256,"[8, 8, 4]",1024,256,8.329565
d2z,N=131072_Stage1_256_sbrc,256,"[4, 4, 4, 2, 2]",64,16,6.029857
d2z,N=131072_Stage1_256_sbrc,256,"[4, 4, 4, 2, 2]",64,32,6.093885
d2z,N=131072_Stage1_256_sbrc,256,"[4, 4, 4, 2, 2]",64,64,6.78862
d2z,N=131072_Stage1_256_sbrc,256,"[4, 4, 4, 2, 2]",128,16,6.157812
d2z,N=131072_Stage1_256_sbrc,256,"[4, 4, 4, 2, 2]",128,32,5.97022
d2z,N=131072_Stage1_256_sbrc,256,"[4, 4, 4, 2, 2]",128,64,6.129361
d2z,N=131072_Stage1_256_sbrc,256,"[4, 4, 4, 2, 2]",128,128,6.880575
d2z,N=131072_Stage1_256_sbrc,256,"[4, 4, 4, 2, 2]",256,16,6.159442
d2z,N=131072_Stage1_256_sbrc,256,"[4, 4, 4, 2, 2]",256,32,6.084489
d2z,N=131072_Stage1_256_sbrc,256,"[4, 4, 4, 2, 2]",256,64,5.926644
d2z,N=131072_Stage1_256_sbrc,256,"[4, 4, 4, 2, 2]",256,128,6.155939
d2z,N=131072_Stage1_256_sbrc,256,"[4, 4, 4, 2, 2]",256,256,7.438814
d2z,N=131072_Stage1_256_sbrc,256,"[4, 4, 4, 2, 2]",512,32,6.084824
d2z,N=131072_Stage1_256_sbrc,256,"[4, 4, 4, 2, 2]",512,64,6.08158
d2z,N=131072_Stage1_256_sbrc,256,"[4, 4, 4, 2, 2]",512,128,6.071792
d2z,N=131072_Stage1_256_sbrc,256,"[4, 4, 4, 2, 2]",512,256,7.089619
d2z,N=131072_Stage1_256_sbrc,256,"[4, 4, 4, 2, 2]",1024,64,6.090803
d2z,N=131072_Stage1_256_sbrc,256,"[4, 4, 4, 2, 2]",1024,128,6.247645
d2z,N=131072_Stage1_256_sbrc,256,"[4, 4, 4, 2, 2]",1024,256,7.171601
d2z,N=131072_Stage1_256_sbrc,256,"[16, 2, 2, 2, 2]",64,16,6.184169
d2z,N=131072_Stage1_256_sbrc,256,"[16, 2, 2, 2, 2]",64,32,6.09038
d2z,N=131072_Stage1_256_sbrc,256,"[16, 2, 2, 2, 2]",64,64,7.55761
d2z,N=131072_Stage1_256_sbrc,256,"[16, 2, 2, 2, 2]",128,16,6.32126
d2z,N=131072_Stage1_256_sbrc,256,"[16, 2, 2, 2, 2]",128,32,6.040534
d2z,N=131072_Stage1_256_sbrc,256,"[16, 2, 2, 2, 2]",128,64,6.171648
d2z,N=131072_Stage1_256_sbrc,256,"[16, 2, 2, 2, 2]",128,128,6.871611
d2z,N=131072_Stage1_256_sbrc,256,"[16, 2, 2, 2, 2]",256,16,6.317675
d2z,N=131072_Stage1_256_sbrc,256,"[16, 2, 2, 2, 2]",256,32,6.193322
d2z,N=131072_Stage1_256_sbrc,256,"[16, 2, 2, 2, 2]",256,64,6.234874
d2z,N=131072_Stage1_256_sbrc,256,"[16, 2, 2, 2, 2]",256,128,6.400839
d2z,N=131072_Stage1_256_sbrc,256,"[16, 2, 2, 2, 2]",256,256,7.457526
d2z,N=131072_Stage1_256_sbrc,256,"[16, 2, 2, 2, 2]",512,32,6.18423
d2z,N=131072_Stage1_256_sbrc,256,"[16, 2, 2, 2, 2]",512,64,6.430546
d2z,N=131072_Stage1_256_sbrc,256,"[16, 2, 2, 2, 2]",512,128,6.618735
d2z,N=131072_Stage1_256_sbrc,256,"[16, 2, 2, 2, 2]",512,256,7.492796
d2z,N=131072_Stage1_256_sbrc,256,"[16, 2, 2, 2, 2]",1024,64,6.422243
d2z,N=131072_Stage1_256_sbrc,256,"[16, 2, 2, 2, 2]",1024,128,9.880529
d2z,N=131072_Stage1_256_sbrc,256,"[16, 2, 2, 2, 2]",1024,256,14.343662
d2z,N=131072_Stage2_256_sbcc,256,"[8, 4, 4, 2]",64,16,5.926505
d2z,N=131072_Stage2_256_sbcc,256,"[8, 4, 4, 2]",64,32,6.410961
d2z,N=131072_Stage2_256_sbcc,256,"[8, 4, 4, 2]",64,64,7.151455
d2z,N=131072_Stage2_256_sbcc,256,"[8, 4, 4, 2]",128,16,6.435803
d2z,N=131072_Stage2_256_sbcc,256,"[8, 4, 4, 2]",128,32,5.717462
d2z,N=131072_Stage2_256_sbcc,256,"[8, 4, 4, 2]",128,64,6.06088
d2z,N=131072_Stage2_256_sbcc,256,"[8, 4, 4, 2]",128,128,7.131919
d2z,N=131072_Stage2_256_sbcc,256,"[8, 4, 4, 2]",256,16,6.433576
d2z,N=131072_Stage2_256_sbcc,256,"[8, 4, 4, 2]",256,32,6.101866
d2z,N=131072_Stage2_256_sbcc,256,"[8, 4, 4, 2]",256,64,5.583451
d2z,N=131072_Stage2_256_sbcc,256,"[8, 4, 4, 2]",256,128,5.988223
d2z,N=131072_Stage2_256_sbcc,256,"[8, 4, 4, 2]",256,256,7.123336
d2z,N=131072_Stage2_256_sbcc,256,"[8, 4, 4, 2]",512,16,6.439073
d2z,N=131072_Stage2_256_sbcc,256,"[8, 4, 4, 2]",512,32,6.104558
d2z,N=131072_Stage2_256_sbcc,256,"[8, 4, 4, 2]",512,64,5.789518
d2z,N=131072_Stage2_256_sbcc,256,"[8, 4, 4, 2]",512,128,5.549392
d2z,N=131072_Stage2_256_sbcc,256,"[8, 4, 4, 2]",512,256,6.324413
d2z,N=131072_Stage2_256_sbcc,256,"[8, 4, 4, 2]",512,512,7.782451
d2z,N=131072_Stage2_256_sbcc,256,"[8, 4, 4, 2]",1024,16,6.438033
d2z,N=131072_Stage2_256_sbcc,256,"[8, 4, 4, 2]",1024,32,6.102412
d2z,N=131072_Stage2_256_sbcc,256,"[8, 4, 4, 2]",1024,64,5.795102
d2z,N=131072_Stage2_256_sbcc,256,"[8, 4, 4, 2]",1024,128,5.887317
d2z,N=131072_Stage2_256_sbcc,256,"[8, 4, 4, 2]",1024,256,6.328076
d2z,N=131072_Stage2_256_sbcc,256,"[8, 4, 4, 2]",1024,512,8.822814
d2z,N=131072_Stage2_256_sbcc,256,"[8, 4, 4, 2]",1024,1024,10.587644
d2z,N=131072_Stage2_256_sbcc,256,"[16, 8, 2]",64,16,5.771326
d2z,N=131072_Stage2_256_sbcc,256,"[16, 8, 2]",64,32,6.217879
d2z,N=131072_Stage2_256_sbcc,256,"[16, 8, 2]",64,64,7.23798
d2z,N=131072_Stage2_256_sbcc,256,"[16, 8, 2]",128,16,6.228
d2z,N=131072_Stage2_256_sbcc,256,"[16, 8, 2]",128,32,5.792424
d2z,N=131072_Stage2_256_sbcc,256,"[16, 8, 2]",128,64,6.017705
d2z,N=131072_Stage2_256_sbcc,256,"[16, 8, 2]",128,128,7.214854
d2z,N=131072_Stage2_256_sbcc,256,"[16, 8, 2]",256,16,6.22806
d2z,N=131072_Stage2_256_sbcc,256,"[16, 8, 2]",256,32,5.956993
d2z,N=131072_Stage2_256_sbcc,256,"[16, 8, 2]",256,64,5.594693
d2z,N=131072_Stage2_256_sbcc,256,"[16, 8, 2]",256,128,5.867814
d2z,N=131072_Stage2_256_sbcc,256,"[16, 8, 2]",256,256,7.141082
d2z,N=131072_Stage2_256_sbcc,256,"[16, 8, 2]",512,16,6.224866
d2z,N=131072_Stage2_256_sbcc,256,"[16, 8, 2]",512,32,5.95723
d2z,N=131072_Stage2_256_sbcc,256,"[16, 8, 2]",512,64,5.944526
d2z,N=131072_Stage2_256_sbcc,256,"[16, 8, 2]",512,128,5.64268
d2z,N=131072_Stage2_256_sbcc,256,"[16, 8, 2]",512,256,6.840023
d2z,N=131072_Stage2_256_sbcc,256,"[16, 8, 2]",512,512,8.603697
d2z,N=131072_Stage2_256_sbcc,256,"[16, 8, 2]",1024,16,6.225086
d2z,N=131072_Stage2_256_sbcc,256,"[16, 8, 2]",1024,32,5.960673
d2z,N=131072_Stage2_256_sbcc,256,"[16, 8, 2]",1024,64,5.947449
d2z,N=131072_Stage2_256_sbcc,256,"[16, 8, 2]",1024,128,15.074646
d2z,N=131072_Stage2_256_sbcc,256,"[16, 8, 2]",1024,256,36.910718
d2z,N=131072_Stage2_256_sbcc,256,"[16, 8, 2]",1024,512,62.190151
d2z,N=131072_Stage2_256_sbcc,256,"[16, 8, 2]",1024,1024,87.69486
d2z,N=131072_Stage2_256_sbcc,256,"[16, 4, 4]",64,16,5.76515
d2z,N=131072_Stage2_256_sbcc,256,"[16, 4, 4]",64,32,6.198568
d2z,N=131072_Stage2_256_sbcc,256,"[16, 4, 4]",64,64,7.120207
d2z,N=131072_Stage2_256_sbcc,256,"[16, 4, 4]",128,16,6.173835
d2z,N=131072_Stage2_256_sbcc,256,"[16, 4, 4]",128,32,5.652016
d2z,N=131072_Stage2_256_sbcc,256,"[16, 4, 4]",128,64,5.993356
d2z,N=131072_Stage2_256_sbcc,256,"[16, 4, 4]",128,128,7.083028
d2z,N=131072_Stage2_256_sbcc,256,"[16, 4, 4]",256,16,6.171633
d2z,N=131072_Stage2_256_sbcc,256,"[16, 4, 4]",256,32,5.914271
d2z,N=131072_Stage2_256_sbcc,256,"[16, 4, 4]",256,64,5.555538
d2z,N=131072_Stage2_256_sbcc,256,"[16, 4, 4]",256,128,6.037493
d2z,N=131072_Stage2_256_sbcc,256,"[16, 4, 4]",256,256,7.016009
d2z,N=131072_Stage2_256_sbcc,256,"[16, 4, 4]",512,16,6.180118
d2z,N=131072_Stage2_256_sbcc,256,"[16, 4, 4]",512,32,5.921645
d2z,N=131072_Stage2_256_sbcc,256,"[16, 4, 4]",512,64,5.833166
d2z,N=131072_Stage2_256_sbcc,256,"[16, 4, 4]",512,128,5.662868
d2z,N=131072_Stage2_256_sbcc,256,"[16, 4, 4]",512,256,6.859581
d2z,N=131072_Stage2_256_sbcc,256,"[16, 4, 4]",512,512,8.164804
d2z,N=131072_Stage2_256_sbcc,256,"[16, 4, 4]",1024,16,6.174984
d2z,N=131072_Stage2_256_sbcc,256,"[16, 4, 4]",1024,32,5.917877
d2z,N=131072_Stage2_256_sbcc,256,"[16, 4, 4]",1024,64,5.83615
d2z,N=131072_Stage2_256_sbcc,256,"[16, 4, 4]",1024,128,13.549303
d2z,N=131072_Stage2_256_sbcc,256,"[16, 4, 4]",1024,256,24.467975
d2z,N=131072_Stage2_256_sbcc,256,"[16, 4, 4]",1024,512,43.864843
d2z,N=131072_Stage2_256_sbcc,256,"[16, 4, 4]",1024,1024,70.551737
d2z,N=131072_Stage2_256_sbcc,256,"[8, 2, 2, 2, 2, 2]",64,16,6.167053
d2z,N=131072_Stage2_256_sbcc,256,"[8, 2, 2, 2, 2, 2]",64,32,6.59726
d2z,N=131072_Stage2_256_sbcc,256,"[8, 2, 2, 2, 2, 2]",64,64,7.141372
d2z,N=131072_Stage2_256_sbcc,256,"[8, 2, 2, 2, 2, 2]",128,16,7.034765
d2z,N=131072_Stage2_256_sbcc,256,"[8, 2, 2, 2, 2, 2]",128,32,5.942592
d2z,N=131072_Stage2_256_sbcc,256,"[8, 2, 2, 2, 2, 2]",128,64,6.172199
d2z,N=131072_Stage2_256_sbcc,256,"[8, 2, 2, 2, 2, 2]",128,128,7.144985
d2z,N=131072_Stage2_256_sbcc,256,"[8, 2, 2, 2, 2, 2]",256,16,7.018052
d2z,N=131072_Stage2_256_sbcc,256,"[8, 2, 2, 2, 2, 2]",256,32,6.548466
d2z,N=131072_Stage2_256_sbcc,256,"[8, 2, 2, 2, 2, 2]",256,64,5.604425
d2z,N=131072_Stage2_256_sbcc,256,"[8, 2, 2, 2, 2, 2]",256,128,6.005125
d2z,N=131072_Stage2_256_sbcc,256,"[8, 2, 2, 2, 2, 2]",256,256,7.22373
d2z,N=131072_Stage2_256_sbcc,256,"[8, 2, 2, 2, 2, 2]",512,16,7.028684
d2z,N=131072_Stage2_256_sbcc,256,"[8, 2, 2, 2, 2, 2]",512,32,6.544991
d2z,N=131072_Stage2_256_sbcc,256,"[8, 2, 2, 2, 2, 2]",512,64,6.160072
d2z,N=131072_Stage2_256_sbcc,256,"[8, 2, 2, 2, 2, 2]",512,128,5.617123
d2z,N=131072_Stage2_256_sbcc,256,"[8, 2, 2, 2, 2, 2]",512,256,6.52783
d2z,N=131072_Stage2_256_sbcc,256,"[8, 2, 2, 2, 2, 2]",512,512,8.157795
d2z,N=131072_Stage2_256_sbcc,256,"[8, 2, 2, 2, 2, 2]",1024,16,7.029339
d2z,N=131072_Stage2_256_sbcc,256,"[8, 2, 2, 2, 2, 2]",1024,32,6.542484
d2z,N=131072_Stage2_256_sbcc,256,"[8, 2, 2, 2, 2, 2]",1024,64,6.162761
d2z,N=131072_Stage2_256_sbcc,256,"[8, 2, 2, 2, 2, 2]",1024,128,6.068183
d2z,N=131072_Stage2_256_sbcc,256,"[8, 2, 2, 2, 2, 2]",1024,256,6.512468
d2z,N=131072_Stage2_256_sbcc,256,"[8, 2, 2, 2, 2, 2]",1024,512,8.961111
d2z,N=131072_Stage2_256_sbcc,256,"[8, 2, 2, 2, 2, 2]",1024,1024,10.97451
d2z,N=131072_Stage2_256_sbcc,256,"[4, 4, 4, 4]",64,16,5.90177
d2z,N=131072_Stage2_256_sbcc,256,"[4, 4, 4, 4]",64,32,6.407965
d2z,N=131072_Stage2_256_sbcc,256,"[4, 4, 4, 4]",64,64,7.056499
d2z,N=131072_Stage2_256_sbcc,256,"[4, 4, 4, 4]",128,16,6.439493
d2z,N=131072_Stage2_256_sbcc,256,"[4, 4, 4, 4]",128,32,5.759529
d2z,N=131072_Stage2_256_sbcc,256,"[4, 4, 4, 4]",128,64,5.911042
d2z,N=131072_Stage2_256_sbcc,256,"[4, 4, 4, 4]",128,128,7.080874
d2z,N=131072_Stage2_256_sbcc,256,"[4, 4, 4, 4]",256,16,6.44022
d2z,N=131072_Stage2_256_sbcc,256,"[4, 4, 4, 4]",256,32,6.04028
d2z,N=131072_Stage2_256_sbcc,256,"[4, 4, 4, 4]",256,64,5.544801
d2z,N=131072_Stage2_256_sbcc,256,"[4, 4, 4, 4]",256,128,6.21165
d2z,N=131072_Stage2_256_sbcc,256,"[4, 4, 4, 4]",256,256,7.111073
d2z,N=131072_Stage2_256_sbcc,256,"[4, 4, 4, 4]",512,16,6.436417
d2z,N=131072_Stage2_256_sbcc,256,"[4, 4, 4, 4]",512,32,6.03633
d2z,N=131072_Stage2_256_sbcc,256,"[4, 4, 4, 4]",512,64,5.745239
d2z,N=131072_Stage2_256_sbcc,256,"[4, 4, 4, 4]",512,128,5.709054
d2z,N=131072_Stage2_256_sbcc,256,"[4, 4, 4, 4]",512,256,6.836149
d2z,N=131072_Stage2_256_sbcc,256,"[4, 4, 4, 4]",512,512,7.671527
d2z,N=131072_Stage2_256_sbcc,256,"[4, 4, 4, 4]",1024,16,6.435157
d2z,N=131072_Stage2_256_sbcc,256,"[4, 4, 4, 4]",1024,32,6.042234
d2z,N=131072_Stage2_256_sbcc,256,"[4, 4, 4, 4]",1024,64,5.75073
d2z,N=131072_Stage2_256_sbcc,256,"[4, 4, 4, 4]",1024,128,6.385389
d2z,N=131072_Stage2_256_sbcc,256,"[4, 4, 4, 4]",1024,256,7.270099
d2z,N=131072_Stage2_256_sbcc,256,"[4, 4, 4, 4]",1024,512,11.240618
d2z,N=131072_Stage2_256_sbcc,256,"[4, 4, 4, 4]",1024,1024,10.311834
d2z,N=131072_Stage2_256_sbcc,256,"[16, 4, 2, 2]",64,16,5.954506
d2z,N=131072_Stage2_256_sbcc,256,"[16, 4, 2, 2]",64,32,6.219012
d2z,N=131072_Stage2_256_sbcc,256,"[16, 4, 2, 2]",64,64,7.174824
d2z,N=131072_Stage2_256_sbcc,256,"[16, 4, 2, 2]",128,16,6.493674
d2z,N=131072_Stage2_256_sbcc,256,"[16, 4, 2, 2]",128,32,5.713007
d2z,N=131072_Stage2_256_sbcc,256,"[16, 4, 2, 2]",128,64,6.031329
d2z,N=131072_Stage2_256_sbcc,256,"[16, 4, 2, 2]",128,128,7.211471
d2z,N=131072_Stage2_256_sbcc,256,"[16, 4, 2, 2]",256,16,6.492408
d2z,N=131072_Stage2_256_sbcc,256,"[16, 4, 2, 2]",256,32,6.113165
d2z,N=131072_Stage2_256_sbcc,256,"[16, 4, 2, 2]",256,64,5.579041
d2z,N=131072_Stage2_256_sbcc,256,"[16, 4, 2, 2]",256,128,6.058051
d2z,N=131072_Stage2_256_sbcc,256,"[16, 4, 2, 2]",256,256,7.345799
d2z,N=131072_Stage2_256_sbcc,256,"[16, 4, 2, 2]",512,16,6.492583
d2z,N=131072_Stage2_256_sbcc,256,"[16, 4, 2, 2]",512,32,6.118781
d2z,N=131072_Stage2_256_sbcc,256,"[16, 4, 2, 2]",512,64,5.956388
d2z,N=131072_Stage2_256_sbcc,256,"[16, 4, 2, 2]",512,128,5.643492
d2z,N=131072_Stage2_256_sbcc,256,"[16, 4, 2, 2]",512,256,6.720438
d2z,N=131072_Stage2_256_sbcc,256,"[16, 4, 2, 2]",512,512,9.163955
d2z,N=131072_Stage2_256_sbcc,256,"[16, 4, 2, 2]",1024,16,6.498328
d2z,N=131072_Stage2_256_sbcc,256,"[16, 4, 2, 2]",1024,32,6.119689
d2z,N=131072_Stage2_256_sbcc,256,"[16, 4, 2, 2]",1024,64,5.9575
d2z,N=131072_Stage2_256_sbcc,256,"[16, 4, 2, 2]",1024,128,13.023266
d2z,N=131072_Stage2_256_sbcc,256,"[16, 4, 2, 2]",1024,256,24.226847
d2z,N=131072_Stage2_256_sbcc,256,"[16, 4, 2, 2]",1024,512,43.385309
d2z,N=131072_Stage2_256_sbcc,256,"[16, 4, 2, 2]",1024,1024,60.755193
d2z,N=131072_Stage2_256_sbcc,256,"[16, 16]",64,16,5.656015
d2z,N=131072_Stage2_256_sbcc,256,"[16, 16]",64,32,6.415776
d2z,N=131072_Stage2_256_sbcc,256,"[16, 16]",64,64,7.495379
d2z,N=131072_Stage2_256_sbcc,256,"[16, 16]",128,16,5.995035
d2z,N=131072_Stage2_256_sbcc,256,"[16, 16]",128,32,5.789645
d2z,N=131072_Stage2_256_sbcc,256,"[16, 16]",128,64,6.787216
d2z,N=131072_Stage2_256_sbcc,256,"[16, 16]",128,128,7.607222
d2z,N=131072_Stage2_256_sbcc,256,"[16, 16]",256,16,5.990775
d2z,N=131072_Stage2_256_sbcc,256,"[16, 16]",256,32,6.309325
d2z,N=131072_Stage2_256_sbcc,256,"[16, 16]",256,64,6.042031
d2z,N=131072_Stage2_256_sbcc,256,"[16, 16]",256,128,7.958928
d2z,N=131072_Stage2_256_sbcc,256,"[16, 16]",256,256,8.687329
d2z,N=131072_Stage2_256_sbcc,256,"[16, 16]",512,16,5.996294
d2z,N=131072_Stage2_256_sbcc,256,"[16, 16]",512,32,6.313718
d2z,N=131072_Stage2_256_sbcc,256,"[16, 16]",512,64,6.832613
d2z,N=131072_Stage2_256_sbcc,256,"[16, 16]",512,128,7.211597
d2z,N=131072_Stage2_256_sbcc,256,"[16, 16]",512,256,12.122784
d2z,N=131072_Stage2_256_sbcc,256,"[16, 16]",512,512,10.581477
d2z,N=131072_Stage2_256_sbcc,256,"[16, 16]",1024,16,5.991217
d2z,N=131072_Stage2_256_sbcc,256,"[16, 16]",1024,32,6.311142
d2z,N=131072_Stage2_256_sbcc,256,"[16, 16]",1024,64,6.831144
d2z,N=131072_Stage2_256_sbcc,256,"[16, 16]",1024,128,36.104137
d2z,N=131072_Stage2_256_sbcc,256,"[16, 16]",1024,256,80.845393
d2z,N=131072_Stage2_256_sbcc,256,"[16, 16]",1024,512,154.914275
d2z,N=131072_Stage2_256_sbcc,256,"[16, 16]",1024,1024,30.688718
d2z,N=131072_Stage2_256_sbcc,256,"[8, 4, 2, 2, 2]",64,16,6.044823
d2z,N=131072_Stage2_256_sbcc,256,"[8, 4, 2, 2, 2]",64,32,6.567554
d2z,N=131072_Stage2_256_sbcc,256,"[8, 4, 2, 2, 2]",64,64,7.15625
d2z,N=131072_Stage2_256_sbcc,256,"[8, 4, 2, 2, 2]",128,16,6.765697
d2z,N=131072_Stage2_256_sbcc,256,"[8, 4, 2, 2, 2]",128,32,6.021108
d2z,N=131072_Stage2_256_sbcc,256,"[8, 4, 2, 2, 2]",128,64,6.13986
d2z,N=131072_Stage2_256_sbcc,256,"[8, 4, 2, 2, 2]",128,128,7.127936
d2z,N=131072_Stage2_256_sbcc,256,"[8, 4, 2, 2, 2]",256,16,6.772133
d2z,N=131072_Stage2_256_sbcc,256,"[8, 4, 2, 2, 2]",256,32,6.355071
d2z,N=131072_Stage2_256_sbcc,256,"[8, 4, 2, 2, 2]",256,64,5.585178
d2z,N=131072_Stage2_256_sbcc,256,"[8, 4, 2, 2, 2]",256,128,5.93983
d2z,N=131072_Stage2_256_sbcc,256,"[8, 4, 2, 2, 2]",256,256,7.23676
d2z,N=131072_Stage2_256_sbcc,256,"[8, 4, 2, 2, 2]",512,16,6.768307
d2z,N=131072_Stage2_256_sbcc,256,"[8, 4, 2, 2, 2]",512,32,6.352642
d2z,N=131072_Stage2_256_sbcc,256,"[8, 4, 2, 2, 2]",512,64,5.977356
d2z,N=131072_Stage2_256_sbcc,256,"[8, 4, 2, 2, 2]",512,128,5.615161
d2z,N=131072_Stage2_256_sbcc,256,"[8, 4, 2, 2, 2]",512,256,6.365661
d2z,N=131072_Stage2_256_sbcc,256,"[8, 4, 2, 2, 2]",512,512,8.120999
d2z,N=131072_Stage2_256_sbcc,256,"[8, 4, 2, 2, 2]",1024,16,6.772669
d2z,N=131072_Stage2_256_sbcc,256,"[8, 4, 2, 2, 2]",1024,32,6.362401
d2z,N=131072_Stage2_256_sbcc,256,"[8, 4, 2, 2, 2]",1024,64,5.960155
d2z,N=131072_Stage2_256_sbcc,256,"[8, 4, 2, 2, 2]",1024,128,5.896467
d2z,N=131072_Stage2_256_sbcc,256,"[8, 4, 2, 2, 2]",1024,256,6.417587
d2z,N=131072_Stage2_256_sbcc,256,"[8, 4, 2, 2, 2]",1024,512,8.781311
d2z,N=131072_Stage2_256_sbcc,256,"[8, 4, 2, 2, 2]",1024,1024,11.566116
d2z,N=131072_Stage2_256_sbcc,256,"[8, 8, 2, 2]",64,16,5.915212
d2z,N=131072_Stage2_256_sbcc,256,"[8, 8, 2, 2]",64,32,6.52856
d2z,N=131072_Stage2_256_sbcc,256,"[8, 8, 2, 2]",64,64,7.260324
d2z,N=131072_Stage2_256_sbcc,256,"[8, 8, 2, 2]",128,16,6.491871
d2z,N=131072_Stage2_256_sbcc,256,"[8, 8, 2, 2]",128,32,5.733558
d2z,N=131072_Stage2_256_sbcc,256,"[8, 8, 2, 2]",128,64,6.118766
d2z,N=131072_Stage2_256_sbcc,256,"[8, 8, 2, 2]",128,128,7.216558
d2z,N=131072_Stage2_256_sbcc,256,"[8, 8, 2, 2]",256,16,6.496045
d2z,N=131072_Stage2_256_sbcc,256,"[8, 8, 2, 2]",256,32,6.103916
d2z,N=131072_Stage2_256_sbcc,256,"[8, 8, 2, 2]",256,64,5.633632
d2z,N=131072_Stage2_256_sbcc,256,"[8, 8, 2, 2]",256,128,6.032628
d2z,N=131072_Stage2_256_sbcc,256,"[8, 8, 2, 2]",256,256,7.968558
d2z,N=131072_Stage2_256_sbcc,256,"[8, 8, 2, 2]",512,16,6.493427
d2z,N=131072_Stage2_256_sbcc,256,"[8, 8, 2, 2]",512,32,6.10319
d2z,N=131072_Stage2_256_sbcc,256,"[8, 8, 2, 2]",512,64,5.9844
d2z,N=131072_Stage2_256_sbcc,256,"[8, 8, 2, 2]",512,128,5.605459
d2z,N=131072_Stage2_256_sbcc,256,"[8, 8, 2, 2]",512,256,6.686209
d2z,N=131072_Stage2_256_sbcc,256,"[8, 8, 2, 2]",512,512,9.50367
d2z,N=131072_Stage2_256_sbcc,256,"[8, 8, 2, 2]",1024,16,6.493478
d2z,N=131072_Stage2_256_sbcc,256,"[8, 8, 2, 2]",1024,32,6.105385
d2z,N=131072_Stage2_256_sbcc,256,"[8, 8, 2, 2]",1024,64,5.991182
d2z,N=131072_Stage2_256_sbcc,256,"[8, 8, 2, 2]",1024,128,5.789654
d2z,N=131072_Stage2_256_sbcc,256,"[8, 8, 2, 2]",1024,256,6.483438
d2z,N=131072_Stage2_256_sbcc,256,"[8, 8, 2, 2]",1024,512,9.590982
d2z,N=131072_Stage2_256_sbcc,256,"[8, 8, 2, 2]",1024,1024,15.470279
d2z,N=131072_Stage2_256_sbcc,256,"[2, 2, 2, 2, 2, 2, 2, 2]",64,16,6.499725
d2z,N=131072_Stage2_256_sbcc,256,"[2, 2, 2, 2, 2, 2, 2, 2]",64,32,6.654235
d2z,N=131072_Stage2_256_sbcc,256,"[2, 2, 2, 2, 2, 2, 2, 2]",64,64,7.020022
d2z,N=131072_Stage2_256_sbcc,256,"[2, 2, 2, 2, 2, 2, 2, 2]",128,16,7.616526
d2z,N=131072_Stage2_256_sbcc,256,"[2, 2, 2, 2, 2, 2, 2, 2]",128,32,6.227129
d2z,N=131072_Stage2_256_sbcc,256,"[2, 2, 2, 2, 2, 2, 2, 2]",128,64,6.120282
d2z,N=131072_Stage2_256_sbcc,256,"[2, 2, 2, 2, 2, 2, 2, 2]",128,128,7.222991
d2z,N=131072_Stage2_256_sbcc,256,"[2, 2, 2, 2, 2, 2, 2, 2]",256,16,7.61514
d2z,N=131072_Stage2_256_sbcc,256,"[2, 2, 2, 2, 2, 2, 2, 2]",256,32,7.042387
d2z,N=131072_Stage2_256_sbcc,256,"[2, 2, 2, 2, 2, 2, 2, 2]",256,64,5.735233
d2z,N=131072_Stage2_256_sbcc,256,"[2, 2, 2, 2, 2, 2, 2, 2]",256,128,5.902556
d2z,N=131072_Stage2_256_sbcc,256,"[2, 2, 2, 2, 2, 2, 2, 2]",256,256,7.397418
d2z,N=131072_Stage2_256_sbcc,256,"[2, 2, 2, 2, 2, 2, 2, 2]",512,16,7.624998
d2z,N=131072_Stage2_256_sbcc,256,"[2, 2, 2, 2, 2, 2, 2, 2]",512,32,7.036373
d2z,N=131072_Stage2_256_sbcc,256,"[2, 2, 2, 2, 2, 2, 2, 2]",512,64,6.380367
d2z,N=131072_Stage2_256_sbcc,256,"[2, 2, 2, 2, 2, 2, 2, 2]",512,128,5.637814
d2z,N=131072_Stage2_256_sbcc,256,"[2, 2, 2, 2, 2, 2, 2, 2]",512,256,6.73746
d2z,N=131072_Stage2_256_sbcc,256,"[2, 2, 2, 2, 2, 2, 2, 2]",512,512,8.479382
d2z,N=131072_Stage2_256_sbcc,256,"[2, 2, 2, 2, 2, 2, 2, 2]",1024,16,7.613732
d2z,N=131072_Stage2_256_sbcc,256,"[2, 2, 2, 2, 2, 2, 2, 2]",1024,32,7.034448
d2z,N=131072_Stage2_256_sbcc,256,"[2, 2, 2, 2, 2, 2, 2, 2]",1024,64,6.375784
d2z,N=131072_Stage2_256_sbcc,256,"[2, 2, 2, 2, 2, 2, 2, 2]",1024,128,6.413156
d2z,N=131072_Stage2_256_sbcc,256,"[2, 2, 2, 2, 2, 2, 2, 2]",1024,256,6.885398
d2z,N=131072_Stage2_256_sbcc,256,"[2, 2, 2, 2, 2, 2, 2, 2]",1024,512,9.481619
d2z,N=131072_Stage2_256_sbcc,256,"[2, 2, 2, 2, 2, 2, 2, 2]",1024,1024,11.361668
d2z,N=131072_Stage2_256_sbcc,256,"[4, 2, 2, 2, 2, 2, 2]",64,16,6.337128
d2z,N=131072_Stage2_256_sbcc,256,"[4, 2, 2, 2, 2, 2, 2]",64,32,6.61971
d2z,N=131072_Stage2_256_sbcc,256,"[4, 2, 2, 2, 2, 2, 2]",64,64,7.089738
d2z,N=131072_Stage2_256_sbcc,256,"[4, 2, 2, 2, 2, 2, 2]",128,16,7.373348
d2z,N=131072_Stage2_256_sbcc,256,"[4, 2, 2, 2, 2, 2, 2]",128,32,6.1047
d2z,N=131072_Stage2_256_sbcc,256,"[4, 2, 2, 2, 2, 2, 2]",128,64,6.067217
d2z,N=131072_Stage2_256_sbcc,256,"[4, 2, 2, 2, 2, 2, 2]",128,128,7.388036
d2z,N=131072_Stage2_256_sbcc,256,"[4, 2, 2, 2, 2, 2, 2]",256,16,7.37973
d2z,N=131072_Stage2_256_sbcc,256,"[4, 2, 2, 2, 2, 2, 2]",256,32,6.789376
d2z,N=131072_Stage2_256_sbcc,256,"[4, 2, 2, 2, 2, 2, 2]",256,64,5.625029
d2z,N=131072_Stage2_256_sbcc,256,"[4, 2, 2, 2, 2, 2, 2]",256,128,6.006625
d2z,N=131072_Stage2_256_sbcc,256,"[4, 2, 2, 2, 2, 2, 2]",256,256,7.322476
d2z,N=131072_Stage2_256_sbcc,256,"[4, 2, 2, 2, 2, 2, 2]",512,16,7.376357
d2z,N=131072_Stage2_256_sbcc,256,"[4, 2, 2, 2, 2, 2, 2]",512,32,6.799173
d2z,N=131072_Stage2_256_sbcc,256,"[4, 2, 2, 2, 2, 2, 2]",512,64,6.165574
d2z,N=131072_Stage2_256_sbcc,256,"[4, 2, 2, 2, 2, 2, 2]",512,128,5.656935
d2z,N=131072_Stage2_256_sbcc,256,"[4, 2, 2, 2, 2, 2, 2]",512,256,6.756422
d2z,N=131072_Stage2_256_sbcc,256,"[4, 2, 2, 2, 2, 2, 2]",512,512,8.283483
d2z,N=131072_Stage2_256_sbcc,256,"[4, 2, 2, 2, 2, 2, 2]",1024,16,7.381383
d2z,N=131072_Stage2_256_sbcc,256,"[4, 2, 2, 2, 2, 2, 2]",1024,32,6.792436
d2z,N=131072_Stage2_256_sbcc,256,"[4, 2, 2, 2, 2, 2, 2]",1024,64,6.167407
d2z,N=131072_Stage2_256_sbcc,256,"[4, 2, 2, 2, 2, 2, 2]",1024,128,6.145387
d2z,N=131072_Stage2_256_sbcc,256,"[4, 2, 2, 2, 2, 2, 2]",1024,256,6.701998
d2z,N=131072_Stage2_256_sbcc,256,"[4, 2, 2, 2, 2, 2, 2]",1024,512,9.513271
d2z,N=131072_Stage2_256_sbcc,256,"[4, 2, 2, 2, 2, 2, 2]",1024,1024,11.028619
d2z,N=131072_Stage2_256_sbcc,256,"[4, 4, 2, 2, 2, 2]",64,16,6.163777
d2z,N=131072_Stage2_256_sbcc,256,"[4, 4, 2, 2, 2, 2]",64,32,6.613974
d2z,N=131072_Stage2_256_sbcc,256,"[4, 4, 2, 2, 2, 2]",64,64,7.072662
d2z,N=131072_Stage2_256_sbcc,256,"[4, 4, 2, 2, 2, 2]",128,16,7.058468
d2z,N=131072_Stage2_256_sbcc,256,"[4, 4, 2, 2, 2, 2]",128,32,5.949355
d2z,N=131072_Stage2_256_sbcc,256,"[4, 4, 2, 2, 2, 2]",128,64,6.030397
d2z,N=131072_Stage2_256_sbcc,256,"[4, 4, 2, 2, 2, 2]",128,128,7.205593
d2z,N=131072_Stage2_256_sbcc,256,"[4, 4, 2, 2, 2, 2]",256,16,7.064495
d2z,N=131072_Stage2_256_sbcc,256,"[4, 4, 2, 2, 2, 2]",256,32,6.539624
d2z,N=131072_Stage2_256_sbcc,256,"[4, 4, 2, 2, 2, 2]",256,64,5.590331
d2z,N=131072_Stage2_256_sbcc,256,"[4, 4, 2, 2, 2, 2]",256,128,5.994488
d2z,N=131072_Stage2_256_sbcc,256,"[4, 4, 2, 2, 2, 2]",256,256,7.360612
d2z,N=131072_Stage2_256_sbcc,256,"[4, 4, 2, 2, 2, 2]",512,16,7.061468
d2z,N=131072_Stage2_256_sbcc,256,"[4, 4, 2, 2, 2, 2]",512,32,6.54547
d2z,N=131072_Stage2_256_sbcc,256,"[4, 4, 2, 2, 2, 2]",512,64,6.036803
d2z,N=131072_Stage2_256_sbcc,256,"[4, 4, 2, 2, 2, 2]",512,128,5.590611
d2z,N=131072_Stage2_256_sbcc,256,"[4, 4, 2, 2, 2, 2]",512,256,6.733513
d2z,N=131072_Stage2_256_sbcc,256,"[4, 4, 2, 2, 2, 2]",512,512,8.42812
d2z,N=131072_Stage2_256_sbcc,256,"[4, 4, 2, 2, 2, 2]",1024,16,7.062437
d2z,N=131072_Stage2_256_sbcc,256,"[4, 4, 2, 2, 2, 2]",1024,32,6.552515
d2z,N=131072_Stage2_256_sbcc,256,"[4, 4, 2, 2, 2, 2]",1024,64,6.030793
d2z,N=131072_Stage2_256_sbcc,256,"[4, 4, 2, 2, 2, 2]",1024,128,6.172447
d2z,N=131072_Stage2_256_sbcc,256,"[4, 4, 2, 2, 2, 2]",1024,256,6.517199
d2z,N=131072_Stage2_256_sbcc,256,"[4, 4, 2, 2, 2, 2]",1024,512,9.39877
d2z,N=131072_Stage2_256_sbcc,256,"[4, 4, 2, 2, 2, 2]",1024,1024,11.644223
d2z,N=131072_Stage2_256_sbcc,256,"[8, 8, 4]",64,16,5.747443
d2z,N=131072_Stage2_256_sbcc,256,"[8, 8, 4]",64,32,6.363681
d2z,N=131072_Stage2_256_sbcc,256,"[8, 8, 4]",64,64,7.31801
d2z,N=131072_Stage2_256_sbcc,256,"[8, 8, 4]",128,16,6.104755
d2z,N=131072_Stage2_256_sbcc,256,"[8, 8, 4]",128,32,5.727419
d2z,N=131072_Stage2_256_sbcc,256,"[8, 8, 4]",128,64,6.124479
d2z,N=131072_Stage2_256_sbcc,256,"[8, 8, 4]",128,128,7.269831
d2z,N=131072_Stage2_256_sbcc,256,"[8, 8, 4]",256,16,6.10295
d2z,N=131072_Stage2_256_sbcc,256,"[8, 8, 4]",256,32,5.85503
d2z,N=131072_Stage2_256_sbcc,256,"[8, 8, 4]",256,64,5.57107
d2z,N=131072_Stage2_256_sbcc,256,"[8, 8, 4]",256,128,6.184759
d2z,N=131072_Stage2_256_sbcc,256,"[8, 8, 4]",256,256,7.217442
d2z,N=131072_Stage2_256_sbcc,256,"[8, 8, 4]",512,16,6.104271
d2z,N=131072_Stage2_256_sbcc,256,"[8, 8, 4]",512,32,5.858044
d2z,N=131072_Stage2_256_sbcc,256,"[8, 8, 4]",512,64,5.850939
d2z,N=131072_Stage2_256_sbcc,256,"[8, 8, 4]",512,128,5.785796
d2z,N=131072_Stage2_256_sbcc,256,"[8, 8, 4]",512,256,6.907923
d2z,N=131072_Stage2_256_sbcc,256,"[8, 8, 4]",512,512,7.773258
d2z,N=131072_Stage2_256_sbcc,256,"[8, 8, 4]",1024,16,6.109028
d2z,N=131072_Stage2_256_sbcc,256,"[8, 8, 4]",1024,32,5.857632
d2z,N=131072_Stage2_256_sbcc,256,"[8, 8, 4]",1024,64,5.842694
d2z,N=131072_Stage2_256_sbcc,256,"[8, 8, 4]",1024,128,6.261879
d2z,N=131072_Stage2_256_sbcc,256,"[8, 8, 4]",1024,256,7.087786
d2z,N=131072_Stage2_256_sbcc,256,"[8, 8, 4]",1024,512,10.410509
d2z,N=131072_Stage2_256_sbcc,256,"[8, 8, 4]",1024,1024,9.804966
d2z,N=131072_Stage2_256_sbcc,256,"[4, 4, 4, 2, 2]",64,16,6.010226
d2z,N=131072_Stage2_256_sbcc,256,"[4, 4, 4, 2, 2]",64,32,6.566112
d2z,N=131072_Stage2_256_sbcc,256,"[4, 4, 4, 2, 2]",64,64,7.086359
d2z,N=131072_Stage2_256_sbcc,256,"[4, 4, 4, 2, 2]",128,16,6.709715
d2z,N=131072_Stage2_256_sbcc,256,"[4, 4, 4, 2, 2]",128,32,5.834881
d2z,N=131072_Stage2_256_sbcc,256,"[4, 4, 4, 2, 2]",128,64,6.027973
d2z,N=131072_Stage2_256_sbcc,256,"[4, 4, 4, 2, 2]",128,128,7.391743
d2z,N=131072_Stage2_256_sbcc,256,"[4, 4, 4, 2, 2]",256,16,6.71059
d2z,N=131072_Stage2_256_sbcc,256,"[4, 4, 4, 2, 2]",256,32,6.396527
d2z,N=131072_Stage2_256_sbcc,256,"[4, 4, 4, 2, 2]",256,64,5.578571
d2z,N=131072_Stage2_256_sbcc,256,"[4, 4, 4, 2, 2]",256,128,6.165997
d2z,N=131072_Stage2_256_sbcc,256,"[4, 4, 4, 2, 2]",256,256,7.422013
d2z,N=131072_Stage2_256_sbcc,256,"[4, 4, 4, 2, 2]",512,16,6.71155
d2z,N=131072_Stage2_256_sbcc,256,"[4, 4, 4, 2, 2]",512,32,6.403778
d2z,N=131072_Stage2_256_sbcc,256,"[4, 4, 4, 2, 2]",512,64,5.908905
d2z,N=131072_Stage2_256_sbcc,256,"[4, 4, 4, 2, 2]",512,128,5.686082
d2z,N=131072_Stage2_256_sbcc,256,"[4, 4, 4, 2, 2]",512,256,6.753893
d2z,N=131072_Stage2_256_sbcc,256,"[4, 4, 4, 2, 2]",512,512,8.837633
d2z,N=131072_Stage2_256_sbcc,256,"[4, 4, 4, 2, 2]",1024,16,6.714022
d2z,N=131072_Stage2_256_sbcc,256,"[4, 4, 4, 2, 2]",1024,32,6.399697
d2z,N=131072_Stage2_256_sbcc,256,"[4, 4, 4, 2, 2]",1024,64,5.908876
d2z,N=131072_Stage2_256_sbcc,256,"[4, 4, 4, 2, 2]",1024,128,6.067726
d2z,N=131072_Stage2_256_sbcc,256,"[4, 4, 4, 2, 2]",1024,256,6.598793
d2z,N=131072_Stage2_256_sbcc,256,"[4, 4, 4, 2, 2]",1024,512,9.573315
d2z,N=131072_Stage2_256_sbcc,256,"[4, 4, 4, 2, 2]",1024,1024,11.817738
d2z,N=131072_Stage2_256_sbcc,256,"[16, 2, 2, 2, 2]",64,16,6.075225
d2z,N=131072_Stage2_256_sbcc,256,"[16, 2, 2, 2, 2]",64,32,6.252889
d2z,N=131072_Stage2_256_sbcc,256,"[16, 2, 2, 2, 2]",64,64,7.193682
d2z,N=131072_Stage2_256_sbcc,256,"[16, 2, 2, 2, 2]",128,16,6.782314
d2z,N=131072_Stage2_256_sbcc,256,"[16, 2, 2, 2, 2]",128,32,5.769835
d2z,N=131072_Stage2_256_sbcc,256,"[16, 2, 2, 2, 2]",128,64,6.062713
d2z,N=131072_Stage2_256_sbcc,256,"[16, 2, 2, 2, 2]",128,128,7.375422
d2z,N=131072_Stage2_256_sbcc,256,"[16, 2, 2, 2, 2]",256,16,6.776458
d2z,N=131072_Stage2_256_sbcc,256,"[16, 2, 2, 2, 2]",256,32,6.35772
d2z,N=131072_Stage2_256_sbcc,256,"[16, 2, 2, 2, 2]",256,64,5.617661
d2z,N=131072_Stage2_256_sbcc,256,"[16, 2, 2, 2, 2]",256,128,6.043639
d2z,N=131072_Stage2_256_sbcc,256,"[16, 2, 2, 2, 2]",256,256,7.29577
d2z,N=131072_Stage2_256_sbcc,256,"[16, 2, 2, 2, 2]",512,16,6.771565
d2z,N=131072_Stage2_256_sbcc,256,"[16, 2, 2, 2, 2]",512,32,6.357383
d2z,N=131072_Stage2_256_sbcc,256,"[16, 2, 2, 2, 2]",512,64,6.14347
d2z,N=131072_Stage2_256_sbcc,256,"[16, 2, 2, 2, 2]",512,128,5.608409
d2z,N=131072_Stage2_256_sbcc,256,"[16, 2, 2, 2, 2]",512,256,6.773053
d2z,N=131072_Stage2_256_sbcc,256,"[16, 2, 2, 2, 2]",512,512,9.222409
d2z,N=131072_Stage2_256_sbcc,256,"[16, 2, 2, 2, 2]",1024,16,6.773978
d2z,N=131072_Stage2_256_sbcc,256,"[16, 2, 2, 2, 2]",1024,32,6.360131
d2z,N=131072_Stage2_256_sbcc,256,"[16, 2, 2, 2, 2]",1024,64,6.141318
d2z,N=131072_Stage2_256_sbcc,256,"[16, 2, 2, 2, 2]",1024,128,10.042345
d2z,N=131072_Stage2_256_sbcc,256,"[16, 2, 2, 2, 2]",1024,256,20.610939
d2z,N=131072_Stage2_256_sbcc,256,"[16, 2, 2, 2, 2]",1024,512,35.227622
d2z,N=131072_Stage2_256_sbcc,256,"[16, 2, 2, 2, 2]",1024,1024,60.841598
