Stage,Length,Factors,WGS,TPT,GPU_Time_ms
N=131072_Stage2_256_sbcc,256,"[4, 4, 4, 4]",256,64,11.552315
N=131072_Stage2_256_sbcc,256,"[4, 4, 4, 2, 2]",256,64,11.797779
N=131072_Stage2_256_sbcc,256,"[4, 4, 2, 2, 2, 2]",256,64,11.8951
N=131072_Stage2_256_sbcc,256,"[4, 2, 2, 2, 2, 2, 2]",512,128,12.040699
N=131072_Stage2_256_sbcc,256,"[4, 4, 2, 2, 2, 2]",512,128,12.050745
N=131072_Stage2_256_sbcc,256,"[2, 2, 2, 2, 2, 2, 2, 2]",512,128,12.136215
N=131072_Stage2_256_sbcc,256,"[8, 4, 2, 2, 2]",256,64,12.144751
N=131072_Stage2_256_sbcc,256,"[4, 2, 2, 2, 2, 2, 2]",256,64,12.243136
N=131072_Stage2_256_sbcc,256,"[8, 8, 2, 2]",128,32,12.295067
N=131072_Stage2_256_sbcc,256,"[8, 4, 4, 2]",256,64,12.341689
N=131072_Stage2_256_sbcc,256,"[8, 8, 4]",256,64,12.352154
N=131072_Stage2_256_sbcc,256,"[8, 2, 2, 2, 2, 2]",256,64,12.355758
N=131072_Stage2_256_sbcc,256,"[4, 4, 4, 2, 2]",512,128,12.48316
N=131072_Stage2_256_sbcc,256,"[8, 8, 2, 2]",256,64,12.496356
N=131072_Stage2_256_sbcc,256,"[2, 2, 2, 2, 2, 2, 2, 2]",256,64,12.599856
N=131072_Stage2_256_sbcc,256,"[8, 8, 4]",128,32,12.752377
N=131072_Stage2_256_sbcc,256,"[8, 2, 2, 2, 2, 2]",512,128,12.782901
N=131072_Stage2_256_sbcc,256,"[16, 4, 4]",128,32,12.865839
N=131072_Stage2_256_sbcc,256,"[8, 4, 4, 2]",128,32,12.932364
N=131072_Stage2_256_sbcc,256,"[8, 4, 2, 2, 2]",512,128,12.939206
N=131072_Stage2_256_sbcc,256,"[16, 8, 2]",128,32,12.999913
N=131072_Stage2_256_sbcc,256,"[8, 8, 4]",64,16,13.00721
N=131072_Stage2_256_sbcc,256,"[16, 4, 2, 2]",128,32,13.032249
N=131072_Stage2_256_sbcc,256,"[4, 4, 4, 2, 2]",512,64,13.059465
N=131072_Stage2_256_sbcc,256,"[4, 4, 4, 2, 2]",1024,64,13.060486
N=131072_Stage2_256_sbcc,256,"[8, 8, 4]",1024,64,13.06704
N=131072_Stage2_256_sbcc,256,"[8, 8, 4]",512,64,13.072164
N=131072_Stage2_256_sbcc,256,"[4, 4, 4, 4]",128,32,13.0958
N=131072_Stage2_256_sbcc,256,"[16, 4, 4]",64,16,13.110611
N=131072_Stage2_256_sbcc,256,"[4, 2, 2, 2, 2, 2, 2]",1024,128,13.168658
N=131072_Stage2_256_sbcc,256,"[4, 4, 4, 4]",512,64,13.181775
N=131072_Stage2_256_sbcc,256,"[4, 4, 4, 4]",1024,64,13.182512
N=131072_Stage2_256_sbcc,256,"[8, 4, 4, 2]",512,64,13.198033
N=131072_Stage2_256_sbcc,256,"[8, 4, 4, 2]",1024,64,13.201292
N=131072_Stage2_256_sbcc,256,"[16, 8, 2]",64,16,13.21028
N=131072_Stage2_256_sbcc,256,"[8, 2, 2, 2, 2, 2]",1024,128,13.210599
N=131072_Stage2_256_sbcc,256,"[16, 16]",64,16,13.21373
N=131072_Stage2_256_sbcc,256,"[8, 4, 2, 2, 2]",128,32,13.240363
N=131072_Stage2_256_sbcc,256,"[16, 2, 2, 2, 2]",128,32,13.255216
N=131072_Stage2_256_sbcc,256,"[4, 4, 4, 4]",64,16,13.260462
N=131072_Stage2_256_sbcc,256,"[8, 8, 2, 2]",64,16,13.264355
N=131072_Stage2_256_sbcc,256,"[4, 4, 4, 2, 2]",128,32,13.308718
N=131072_Stage2_256_sbcc,256,"[4, 4, 2, 2, 2, 2]",1024,128,13.314065
N=131072_Stage2_256_sbcc,256,"[4, 4, 2, 2, 2, 2]",512,64,13.32064
N=131072_Stage2_256_sbcc,256,"[4, 4, 2, 2, 2, 2]",1024,64,13.325844
N=131072_Stage2_256_sbcc,256,"[8, 4, 2, 2, 2]",1024,128,13.34192
N=131072_Stage2_256_sbcc,256,"[8, 4, 2, 2, 2]",1024,64,13.352903
N=131072_Stage1_256_sbrc,256,"[8, 4, 4, 2]",256,64,13.352958
N=131072_Stage2_256_sbcc,256,"[8, 4, 2, 2, 2]",512,64,13.35422
N=131072_Stage2_256_sbcc,256,"[8, 8, 2, 2]",1024,128,13.382252
N=131072_Stage1_256_sbrc,256,"[8, 4, 2, 2, 2]",256,64,13.388543
N=131072_Stage2_256_sbcc,256,"[8, 8, 2, 2]",512,32,13.408229
N=131072_Stage2_256_sbcc,256,"[8, 8, 2, 2]",256,32,13.417644
N=131072_Stage2_256_sbcc,256,"[8, 8, 2, 2]",1024,32,13.423763
N=131072_Stage2_256_sbcc,256,"[16, 4, 2, 2]",64,16,13.424212
N=131072_Stage2_256_sbcc,256,"[8, 8, 2, 2]",512,64,13.431913
N=131072_Stage2_256_sbcc,256,"[8, 8, 2, 2]",1024,64,13.434743
N=131072_Stage2_256_sbcc,256,"[8, 4, 4, 2]",64,16,13.460653
N=131072_Stage1_256_sbrc,256,"[8, 8, 4]",512,32,13.466164
N=131072_Stage1_256_sbrc,256,"[8, 8, 4]",256,32,13.469239
N=131072_Stage2_256_sbcc,256,"[8, 8, 4]",512,32,13.475195
N=131072_Stage2_256_sbcc,256,"[8, 8, 4]",256,32,13.476099
N=131072_Stage2_256_sbcc,256,"[8, 8, 4]",1024,32,13.476688
N=131072_Stage1_256_sbrc,256,"[4, 2, 2, 2, 2, 2, 2]",256,64,13.481073
N=131072_Stage1_256_sbrc,256,"[4, 4, 4, 4]",256,64,13.493129
N=131072_Stage2_256_sbcc,256,"[8, 4, 4, 2]",512,128,13.503511
N=131072_Stage2_256_sbcc,256,"[8, 2, 2, 2, 2, 2]",128,32,13.517109
N=131072_Stage2_256_sbcc,256,"[2, 2, 2, 2, 2, 2, 2, 2]",1024,128,13.520174
N=131072_Stage1_256_sbrc,256,"[8, 8, 4]",128,32,13.521373
N=131072_Stage1_256_sbrc,256,"[4, 2, 2, 2, 2, 2, 2]",512,128,13.537473
N=131072_Stage2_256_sbcc,256,"[4, 4, 2, 2, 2, 2]",128,32,13.538787
N=131072_Stage2_256_sbcc,256,"[8, 2, 2, 2, 2, 2]",1024,64,13.551685
N=131072_Stage2_256_sbcc,256,"[8, 2, 2, 2, 2, 2]",512,64,13.558769
N=131072_Stage1_256_sbrc,256,"[4, 4, 4, 2, 2]",256,64,13.587166
N=131072_Stage1_256_sbrc,256,"[8, 2, 2, 2, 2, 2]",256,64,13.607771
N=131072_Stage1_256_sbrc,256,"[16, 16]",64,16,13.616466
N=131072_Stage2_256_sbcc,256,"[2, 2, 2, 2, 2, 2, 2, 2]",256,128,13.619424
N=131072_Stage1_256_sbrc,256,"[16, 4, 2, 2]",128,32,13.623382
N=131072_Stage2_256_sbcc,256,"[4, 2, 2, 2, 2, 2, 2]",1024,64,13.630161
N=131072_Stage2_256_sbcc,256,"[4, 2, 2, 2, 2, 2, 2]",512,64,13.633668
N=131072_Stage1_256_sbrc,256,"[4, 4, 2, 2, 2, 2]",256,64,13.634073
N=131072_Stage1_256_sbrc,256,"[8, 8, 2, 2]",128,32,13.652409
N=131072_Stage1_256_sbrc,256,"[16, 4, 4]",128,32,13.6558
N=131072_Stage2_256_sbcc,256,"[8, 4, 4, 2]",512,32,13.67987
N=131072_Stage2_256_sbcc,256,"[8, 4, 4, 2]",1024,32,13.68099
N=131072_Stage2_256_sbcc,256,"[8, 4, 4, 2]",256,32,13.685425
N=131072_Stage1_256_sbrc,256,"[16, 8, 2]",64,16,13.685535
N=131072_Stage1_256_sbrc,256,"[16, 4, 4]",64,16,13.690537
N=131072_Stage1_256_sbrc,256,"[8, 4, 4, 2]",1024,64,13.69692
N=131072_Stage2_256_sbcc,256,"[8, 4, 2, 2, 2]",64,16,13.698622
N=131072_Stage1_256_sbrc,256,"[4, 4, 4, 4]",1024,64,13.706818
N=131072_Stage1_256_sbrc,256,"[8, 4, 4, 2]",512,64,13.707234
N=131072_Stage2_256_sbcc,256,"[4, 4, 4, 2, 2]",1024,128,13.716571
N=131072_Stage1_256_sbrc,256,"[8, 8, 2, 2]",256,32,13.728059
N=131072_Stage2_256_sbcc,256,"[4, 4, 4, 4]",512,32,13.729684
N=131072_Stage2_256_sbcc,256,"[4, 4, 4, 4]",256,32,13.732162
N=131072_Stage2_256_sbcc,256,"[4, 4, 4, 4]",1024,32,13.73238
N=131072_Stage1_256_sbrc,256,"[8, 8, 2, 2]",512,32,13.739126
N=131072_Stage1_256_sbrc,256,"[8, 8, 4]",64,16,13.744584
N=131072_Stage2_256_sbcc,256,"[8, 8, 2, 2]",512,128,13.752631
N=131072_Stage1_256_sbrc,256,"[8, 4, 4, 2]",128,32,13.762955
N=131072_Stage1_256_sbrc,256,"[16, 8, 2]",128,32,13.781415
N=131072_Stage1_256_sbrc,256,"[16, 4, 4]",512,32,13.784408
N=131072_Stage1_256_sbrc,256,"[16, 4, 4]",256,32,13.786257
N=131072_Stage2_256_sbcc,256,"[4, 4, 4, 2, 2]",64,16,13.789659
N=131072_Stage1_256_sbrc,256,"[8, 4, 4, 2]",256,32,13.793236
N=131072_Stage1_256_sbrc,256,"[4, 4, 4, 4]",512,64,13.795078
N=131072_Stage1_256_sbrc,256,"[8, 4, 4, 2]",512,32,13.798027
N=131072_Stage2_256_sbcc,256,"[16, 2, 2, 2, 2]",64,16,13.801665
N=131072_Stage1_256_sbrc,256,"[4, 4, 4, 4]",128,32,13.826868
N=131072_Stage1_256_sbrc,256,"[4, 4, 4, 4]",256,32,13.828192
N=131072_Stage1_256_sbrc,256,"[2, 2, 2, 2, 2, 2, 2, 2]",256,64,13.828669
N=131072_Stage2_256_sbcc,256,"[4, 2, 2, 2, 2, 2, 2]",128,32,13.837003
N=131072_Stage1_256_sbrc,256,"[8, 4, 2, 2, 2]",512,64,13.852273
N=131072_Stage1_256_sbrc,256,"[8, 4, 2, 2, 2]",1024,64,13.85879
N=131072_Stage1_256_sbrc,256,"[2, 2, 2, 2, 2, 2, 2, 2]",512,128,13.860727
N=131072_Stage1_256_sbrc,256,"[8, 8, 4]",1024,64,13.863097
N=131072_Stage1_256_sbrc,256,"[4, 4, 4, 4]",512,32,13.864419
N=131072_Stage1_256_sbrc,256,"[16, 16]",128,32,13.870772
N=131072_Stage1_256_sbrc,256,"[8, 8, 4]",512,64,13.882383
N=131072_Stage1_256_sbrc,256,"[16, 8, 2]",256,32,13.887868
N=131072_Stage1_256_sbrc,256,"[8, 4, 2, 2, 2]",128,32,13.889287
N=131072_Stage1_256_sbrc,256,"[16, 8, 2]",512,32,13.898558
N=131072_Stage2_256_sbcc,256,"[4, 4, 4, 4]",128,64,13.90259
N=131072_Stage2_256_sbcc,256,"[16, 4, 4]",256,64,13.903083
N=131072_Stage2_256_sbcc,256,"[8, 2, 2, 2, 2, 2]",64,16,13.92436
N=131072_Stage1_256_sbrc,256,"[16, 4, 2, 2]",64,16,13.924521
N=131072_Stage1_256_sbrc,256,"[4, 4, 4, 2, 2]",512,32,13.929715
N=131072_Stage2_256_sbcc,256,"[16, 4, 4]",1024,64,13.930145
N=131072_Stage2_256_sbcc,256,"[16, 4, 4]",512,64,13.930568
N=131072_Stage1_256_sbrc,256,"[8, 8, 4]",256,64,13.935052
N=131072_Stage1_256_sbrc,256,"[4, 4, 4, 2, 2]",256,32,13.935215
N=131072_Stage1_256_sbrc,256,"[8, 8, 2, 2]",64,16,13.93541
N=131072_Stage1_256_sbrc,256,"[8, 4, 2, 2, 2]",512,32,13.982421
N=131072_Stage2_256_sbcc,256,"[16, 4, 2, 2]",256,64,13.984354
N=131072_Stage1_256_sbrc,256,"[8, 2, 2, 2, 2, 2]",512,32,13.986298
N=131072_Stage2_256_sbcc,256,"[8, 4, 4, 2]",1024,128,13.987584
N=131072_Stage1_256_sbrc,256,"[8, 4, 4, 2]",64,16,13.991591
N=131072_Stage1_256_sbrc,256,"[8, 4, 2, 2, 2]",256,32,13.994934
N=131072_Stage1_256_sbrc,256,"[16, 4, 2, 2]",256,32,13.997116
N=131072_Stage1_256_sbrc,256,"[8, 2, 2, 2, 2, 2]",256,32,14.001174
N=131072_Stage1_256_sbrc,256,"[8, 2, 2, 2, 2, 2]",128,32,14.004364
N=131072_Stage1_256_sbrc,256,"[16, 4, 2, 2]",512,32,14.004389
N=131072_Stage2_256_sbcc,256,"[16, 2, 2, 2, 2]",256,64,14.007032
N=131072_Stage1_256_sbrc,256,"[4, 4, 4, 4]",64,16,14.012521
N=131072_Stage2_256_sbcc,256,"[2, 2, 2, 2, 2, 2, 2, 2]",1024,64,14.018471
N=131072_Stage2_256_sbcc,256,"[4, 2, 2, 2, 2, 2, 2]",256,128,14.024699
N=131072_Stage2_256_sbcc,256,"[2, 2, 2, 2, 2, 2, 2, 2]",512,64,14.027078
N=131072_Stage1_256_sbrc,256,"[8, 2, 2, 2, 2, 2]",1024,64,14.040994
N=131072_Stage1_256_sbrc,256,"[8, 2, 2, 2, 2, 2]",512,64,14.042717
N=131072_Stage1_256_sbrc,256,"[8, 8, 2, 2]",256,64,14.049214
N=131072_Stage2_256_sbcc,256,"[16, 8, 2]",512,64,14.064473
N=131072_Stage2_256_sbcc,256,"[16, 4, 2, 2]",512,64,14.066754
N=131072_Stage2_256_sbcc,256,"[16, 8, 2]",1024,64,14.070752
N=131072_Stage2_256_sbcc,256,"[16, 4, 2, 2]",1024,64,14.07739
N=131072_Stage1_256_sbrc,256,"[8, 8, 2, 2]",1024,64,14.078697
N=131072_Stage1_256_sbrc,256,"[8, 8, 2, 2]",512,64,14.084474
N=131072_Stage1_256_sbrc,256,"[16, 2, 2, 2, 2]",128,32,14.088237
N=131072_Stage2_256_sbcc,256,"[8, 4, 2, 2, 2]",512,32,14.104155
N=131072_Stage1_256_sbrc,256,"[4, 4, 2, 2, 2, 2]",512,128,14.105975
N=131072_Stage2_256_sbcc,256,"[8, 4, 2, 2, 2]",1024,32,14.106365
N=131072_Stage2_256_sbcc,256,"[8, 4, 2, 2, 2]",256,32,14.110436
N=131072_Stage1_256_sbrc,256,"[4, 4, 4, 2, 2]",1024,64,14.110719
N=131072_Stage1_256_sbrc,256,"[4, 4, 2, 2, 2, 2]",256,32,14.111516
N=131072_Stage1_256_sbrc,256,"[4, 4, 2, 2, 2, 2]",512,32,14.118744
N=131072_Stage1_256_sbrc,256,"[4, 4, 4, 2, 2]",512,64,14.119482
N=131072_Stage1_256_sbrc,256,"[4, 2, 2, 2, 2, 2, 2]",512,32,14.127529
N=131072_Stage2_256_sbcc,256,"[4, 4, 4, 2, 2]",1024,32,14.128666
N=131072_Stage2_256_sbcc,256,"[4, 4, 4, 2, 2]",512,32,14.133213
N=131072_Stage1_256_sbrc,256,"[4, 4, 4, 2, 2]",128,32,14.134472
N=131072_Stage1_256_sbrc,256,"[4, 2, 2, 2, 2, 2, 2]",256,32,14.137098
N=131072_Stage1_256_sbrc,256,"[4, 4, 2, 2, 2, 2]",128,32,14.138396
N=131072_Stage2_256_sbcc,256,"[4, 4, 4, 2, 2]",256,32,14.141619
N=131072_Stage2_256_sbcc,256,"[4, 4, 2, 2, 2, 2]",256,128,14.144157
N=131072_Stage2_256_sbcc,256,"[4, 4, 4, 2, 2]",128,64,14.148485
N=131072_Stage1_256_sbrc,256,"[16, 2, 2, 2, 2]",64,16,14.155161
N=131072_Stage2_256_sbcc,256,"[4, 4, 2, 2, 2, 2]",64,16,14.157087
N=131072_Stage2_256_sbcc,256,"[2, 2, 2, 2, 2, 2, 2, 2]",128,32,14.174276
N=131072_Stage1_256_sbrc,256,"[4, 2, 2, 2, 2, 2, 2]",512,64,14.174584
N=131072_Stage1_256_sbrc,256,"[16, 4, 2, 2]",64,32,14.177387
N=131072_Stage1_256_sbrc,256,"[8, 4, 2, 2, 2]",64,16,14.184781
N=131072_Stage2_256_sbcc,256,"[16, 4, 4]",1024,32,14.185967
N=131072_Stage1_256_sbrc,256,"[4, 2, 2, 2, 2, 2, 2]",1024,64,14.186533
N=131072_Stage1_256_sbrc,256,"[2, 2, 2, 2, 2, 2, 2, 2]",1024,64,14.188587
N=131072_Stage1_256_sbrc,256,"[2, 2, 2, 2, 2, 2, 2, 2]",512,64,14.19317
N=131072_Stage2_256_sbcc,256,"[16, 4, 4]",512,32,14.194826
N=131072_Stage2_256_sbcc,256,"[8, 8, 2, 2]",64,32,14.206322
N=131072_Stage2_256_sbcc,256,"[16, 4, 4]",256,32,14.208353
N=131072_Stage2_256_sbcc,256,"[16, 8, 2]",512,32,14.214474
N=131072_Stage2_256_sbcc,256,"[16, 8, 2]",256,32,14.217726
N=131072_Stage1_256_sbrc,256,"[4, 4, 4, 2, 2]",64,16,14.221986
N=131072_Stage2_256_sbcc,256,"[16, 8, 2]",1024,32,14.234692
N=131072_Stage1_256_sbrc,256,"[4, 4, 2, 2, 2, 2]",512,64,14.237012
N=131072_Stage1_256_sbrc,256,"[4, 4, 2, 2, 2, 2]",1024,64,14.244167
N=131072_Stage1_256_sbrc,256,"[2, 2, 2, 2, 2, 2, 2, 2]",1024,128,14.276501
N=131072_Stage1_256_sbrc,256,"[4, 2, 2, 2, 2, 2, 2]",128,32,14.276698
N=131072_Stage1_256_sbrc,256,"[8, 8, 4]",64,32,14.280398
N=131072_Stage1_256_sbrc,256,"[16, 2, 2, 2, 2]",256,32,14.282447
N=131072_Stage2_256_sbcc,256,"[16, 2, 2, 2, 2]",1024,64,14.283828
N=131072_Stage1_256_sbrc,256,"[8, 8, 2, 2]",64,32,14.284177
N=131072_Stage2_256_sbcc,256,"[16, 2, 2, 2, 2]",512,64,14.28845
N=131072_Stage1_256_sbrc,256,"[16, 2, 2, 2, 2]",512,32,14.288658
N=131072_Stage1_256_sbrc,256,"[4, 4, 2, 2, 2, 2]",1024,128,14.292561
N=131072_Stage1_256_sbrc,256,"[16, 4, 4]",256,64,14.302929
N=131072_Stage1_256_sbrc,256,"[16, 2, 2, 2, 2]",64,32,14.30858
N=131072_Stage1_256_sbrc,256,"[4, 2, 2, 2, 2, 2, 2]",1024,128,14.313242
N=131072_Stage1_256_sbrc,256,"[16, 4, 2, 2]",256,64,14.319568
N=131072_Stage1_256_sbrc,256,"[8, 2, 2, 2, 2, 2]",64,32,14.320078
N=131072_Stage2_256_sbcc,256,"[4, 4, 2, 2, 2, 2]",128,64,14.327673
N=131072_Stage2_256_sbcc,256,"[8, 4, 4, 2]",128,64,14.330428
N=131072_Stage2_256_sbcc,256,"[8, 2, 2, 2, 2, 2]",512,32,14.348235
N=131072_Stage2_256_sbcc,256,"[8, 2, 2, 2, 2, 2]",256,32,14.357614
N=131072_Stage2_256_sbcc,256,"[8, 2, 2, 2, 2, 2]",1024,32,14.358237
N=131072_Stage1_256_sbrc,256,"[4, 4, 4, 4]",64,32,14.366361
N=131072_Stage2_256_sbcc,256,"[4, 2, 2, 2, 2, 2, 2]",64,16,14.383774
N=131072_Stage1_256_sbrc,256,"[4, 2, 2, 2, 2, 2, 2]",256,128,14.384088
N=131072_Stage1_256_sbrc,256,"[8, 4, 4, 2]",64,32,14.39814
N=131072_Stage1_256_sbrc,256,"[8, 2, 2, 2, 2, 2]",64,16,14.40178
N=131072_Stage1_256_sbrc,256,"[4, 4, 4, 2, 2]",512,128,14.415116
N=131072_Stage1_256_sbrc,256,"[4, 4, 2, 2, 2, 2]",64,16,14.418099
N=131072_Stage1_256_sbrc,256,"[4, 2, 2, 2, 2, 2, 2]",64,32,14.426458
N=131072_Stage2_256_sbcc,256,"[4, 4, 2, 2, 2, 2]",512,32,14.429865
N=131072_Stage1_256_sbrc,256,"[2, 2, 2, 2, 2, 2, 2, 2]",256,128,14.430689
N=131072_Stage2_256_sbcc,256,"[4, 4, 2, 2, 2, 2]",256,32,14.430722
N=131072_Stage1_256_sbrc,256,"[16, 4, 4]",64,32,14.432745
N=131072_Stage2_256_sbcc,256,"[4, 4, 2, 2, 2, 2]",1024,32,14.435334
N=131072_Stage2_256_sbcc,256,"[8, 4, 2, 2, 2]",128,64,14.449585
N=131072_Stage1_256_sbrc,256,"[8, 4, 2, 2, 2]",128,64,14.46154
N=131072_Stage1_256_sbrc,256,"[16, 8, 2]",64,32,14.464304
N=131072_Stage1_256_sbrc,256,"[4, 4, 4, 4]",512,128,14.466847
N=131072_Stage2_256_sbcc,256,"[16, 4, 2, 2]",512,32,14.471516
N=131072_Stage2_256_sbcc,256,"[16, 4, 2, 2]",256,32,14.472406
N=131072_Stage2_256_sbcc,256,"[16, 4, 2, 2]",1024,32,14.479081
N=131072_Stage1_256_sbrc,256,"[8, 4, 4, 2]",128,64,14.487426
N=131072_Stage2_256_sbcc,256,"[8, 4, 4, 2]",64,32,14.496609
N=131072_Stage1_256_sbrc,256,"[8, 4, 2, 2, 2]",64,32,14.503798
N=131072_Stage2_256_sbcc,256,"[4, 2, 2, 2, 2, 2, 2]",128,64,14.51082
N=131072_Stage1_256_sbrc,256,"[8, 2, 2, 2, 2, 2]",128,64,14.530388
N=131072_Stage1_256_sbrc,256,"[16, 2, 2, 2, 2]",256,64,14.537624
N=131072_Stage1_256_sbrc,256,"[4, 4, 4, 2, 2]",64,32,14.539679
N=131072_Stage2_256_sbcc,256,"[8, 8, 4]",64,32,14.561109
N=131072_Stage1_256_sbrc,256,"[8, 8, 4]",128,64,14.561218
N=131072_Stage1_256_sbrc,256,"[2, 2, 2, 2, 2, 2, 2, 2]",64,32,14.591021
N=131072_Stage2_256_sbcc,256,"[8, 2, 2, 2, 2, 2]",128,64,14.593494
N=131072_Stage1_256_sbrc,256,"[4, 4, 2, 2, 2, 2]",64,32,14.614139
N=131072_Stage1_256_sbrc,256,"[16, 16]",128,16,14.615845
N=131072_Stage1_256_sbrc,256,"[16, 16]",256,16,14.619425
N=131072_Stage1_256_sbrc,256,"[2, 2, 2, 2, 2, 2, 2, 2]",128,32,14.633116
N=131072_Stage1_256_sbrc,256,"[8, 8, 2, 2]",128,64,14.63468
N=131072_Stage1_256_sbrc,256,"[16, 4, 4]",256,16,14.640654
N=131072_Stage1_256_sbrc,256,"[16, 4, 4]",128,16,14.643532
N=131072_Stage1_256_sbrc,256,"[16, 16]",256,32,14.647224
N=131072_Stage1_256_sbrc,256,"[16, 16]",512,32,14.647658
N=131072_Stage2_256_sbcc,256,"[4, 4, 4, 4]",64,32,14.655294
N=131072_Stage1_256_sbrc,256,"[4, 2, 2, 2, 2, 2, 2]",128,64,14.680458
N=131072_Stage1_256_sbrc,256,"[2, 2, 2, 2, 2, 2, 2, 2]",256,32,14.682279
N=131072_Stage1_256_sbrc,256,"[2, 2, 2, 2, 2, 2, 2, 2]",512,32,14.683107
N=131072_Stage1_256_sbrc,256,"[4, 2, 2, 2, 2, 2, 2]",64,16,14.709313
N=131072_Stage2_256_sbcc,256,"[2, 2, 2, 2, 2, 2, 2, 2]",128,64,14.717244
N=131072_Stage2_256_sbcc,256,"[16, 8, 2]",256,64,14.732771
N=131072_Stage2_256_sbcc,256,"[8, 8, 4]",128,64,14.734109
N=131072_Stage1_256_sbrc,256,"[4, 4, 4, 4]",128,64,14.744186
N=131072_Stage1_256_sbrc,256,"[16, 8, 2]",128,16,14.745496
N=131072_Stage1_256_sbrc,256,"[16, 8, 2]",256,16,14.747443
N=131072_Stage2_256_sbcc,256,"[4, 2, 2, 2, 2, 2, 2]",1024,32,14.759109
N=131072_Stage2_256_sbcc,256,"[4, 2, 2, 2, 2, 2, 2]",256,32,14.763065
N=131072_Stage2_256_sbcc,256,"[4, 2, 2, 2, 2, 2, 2]",512,32,14.768358
N=131072_Stage2_256_sbcc,256,"[16, 2, 2, 2, 2]",1024,32,14.77494
N=131072_Stage2_256_sbcc,256,"[16, 2, 2, 2, 2]",256,32,14.779196
N=131072_Stage2_256_sbcc,256,"[16, 2, 2, 2, 2]",512,32,14.77986
N=131072_Stage1_256_sbrc,256,"[2, 2, 2, 2, 2, 2, 2, 2]",128,64,14.786148
N=131072_Stage1_256_sbrc,256,"[16, 4, 4]",128,64,14.812196
N=131072_Stage1_256_sbrc,256,"[16, 16]",64,32,14.81555
N=131072_Stage2_256_sbcc,256,"[8, 8, 2, 2]",128,64,14.819982
N=131072_Stage2_256_sbcc,256,"[16, 8, 2]",64,32,14.82703
N=131072_Stage2_256_sbcc,256,"[2, 2, 2, 2, 2, 2, 2, 2]",64,16,14.829638
N=131072_Stage1_256_sbrc,256,"[4, 4, 2, 2, 2, 2]",128,64,14.853217
N=131072_Stage1_256_sbrc,256,"[8, 8, 4]",256,16,14.858344
N=131072_Stage1_256_sbrc,256,"[4, 4, 4, 2, 2]",1024,128,14.865406
N=131072_Stage1_256_sbrc,256,"[4, 4, 4, 2, 2]",128,64,14.866031
N=131072_Stage1_256_sbrc,256,"[8, 8, 4]",128,16,14.868006
N=131072_Stage2_256_sbcc,256,"[4, 4, 4, 2, 2]",256,128,14.886128
N=131072_Stage2_256_sbcc,256,"[16, 4, 4]",64,32,14.904733
N=131072_Stage2_256_sbcc,256,"[16, 4, 2, 2]",64,32,14.919449
N=131072_Stage1_256_sbrc,256,"[8, 2, 2, 2, 2, 2]",512,128,14.929651
N=131072_Stage1_256_sbrc,256,"[16, 4, 2, 2]",128,16,14.930347
N=131072_Stage1_256_sbrc,256,"[16, 4, 2, 2]",256,16,14.935161
N=131072_Stage2_256_sbcc,256,"[16, 2, 2, 2, 2]",64,32,14.96203
N=131072_Stage2_256_sbcc,256,"[8, 4, 2, 2, 2]",64,32,14.975333
N=131072_Stage1_256_sbrc,256,"[8, 4, 4, 2]",128,16,14.975829
N=131072_Stage1_256_sbrc,256,"[16, 4, 2, 2]",128,64,14.977169
N=131072_Stage1_256_sbrc,256,"[4, 4, 4, 4]",256,16,14.978505
N=131072_Stage1_256_sbrc,256,"[4, 4, 2, 2, 2, 2]",256,128,14.978898
N=131072_Stage1_256_sbrc,256,"[8, 4, 4, 2]",256,16,14.979046
N=131072_Stage1_256_sbrc,256,"[4, 4, 4, 4]",128,16,14.998959
N=131072_Stage2_256_sbcc,256,"[4, 4, 4, 4]",512,128,15.012358
N=131072_Stage1_256_sbrc,256,"[8, 8, 2, 2]",256,16,15.028012
N=131072_Stage1_256_sbrc,256,"[8, 8, 2, 2]",128,16,15.03952
N=131072_Stage1_256_sbrc,256,"[4, 4, 4, 2, 2]",256,128,15.073484
N=131072_Stage2_256_sbcc,256,"[4, 4, 4, 2, 2]",64,32,15.089773
N=131072_Stage2_256_sbcc,256,"[8, 2, 2, 2, 2, 2]",64,32,15.096533
N=131072_Stage1_256_sbrc,256,"[2, 2, 2, 2, 2, 2, 2, 2]",64,16,15.130326
N=131072_Stage1_256_sbrc,256,"[4, 4, 4, 4]",256,128,15.182637
N=131072_Stage1_256_sbrc,256,"[16, 2, 2, 2, 2]",128,16,15.183892
N=131072_Stage1_256_sbrc,256,"[16, 2, 2, 2, 2]",256,16,15.185553
N=131072_Stage1_256_sbrc,256,"[16, 2, 2, 2, 2]",128,64,15.189437
N=131072_Stage2_256_sbcc,256,"[4, 4, 2, 2, 2, 2]",64,32,15.199958
N=131072_Stage1_256_sbrc,256,"[4, 4, 4, 2, 2]",256,16,15.229803
N=131072_Stage1_256_sbrc,256,"[4, 4, 4, 2, 2]",128,16,15.232886
N=131072_Stage1_256_sbrc,256,"[8, 4, 2, 2, 2]",128,16,15.234639
N=131072_Stage1_256_sbrc,256,"[8, 2, 2, 2, 2, 2]",256,128,15.235546
N=131072_Stage2_256_sbcc,256,"[2, 2, 2, 2, 2, 2, 2, 2]",256,32,15.247067
N=131072_Stage2_256_sbcc,256,"[2, 2, 2, 2, 2, 2, 2, 2]",512,32,15.257294
N=131072_Stage2_256_sbcc,256,"[2, 2, 2, 2, 2, 2, 2, 2]",1024,32,15.260197
N=131072_Stage1_256_sbrc,256,"[8, 4, 2, 2, 2]",256,16,15.279993
N=131072_Stage1_256_sbrc,256,"[8, 4, 4, 2]",512,128,15.290208
N=131072_Stage1_256_sbrc,256,"[8, 4, 2, 2, 2]",512,128,15.29926
N=131072_Stage2_256_sbcc,256,"[8, 4, 2, 2, 2]",256,128,15.311094
N=131072_Stage1_256_sbrc,256,"[16, 4, 4]",512,64,15.344562
N=131072_Stage1_256_sbrc,256,"[16, 4, 4]",1024,64,15.36119
N=131072_Stage2_256_sbcc,256,"[4, 2, 2, 2, 2, 2, 2]",64,32,15.365536
N=131072_Stage2_256_sbcc,256,"[8, 2, 2, 2, 2, 2]",256,128,15.382145
N=131072_Stage2_256_sbcc,256,"[16, 2, 2, 2, 2]",128,64,15.455822
N=131072_Stage2_256_sbcc,256,"[2, 2, 2, 2, 2, 2, 2, 2]",64,32,15.505069
N=131072_Stage1_256_sbrc,256,"[8, 2, 2, 2, 2, 2]",128,16,15.506754
N=131072_Stage1_256_sbrc,256,"[8, 2, 2, 2, 2, 2]",256,16,15.517636
N=131072_Stage1_256_sbrc,256,"[8, 2, 2, 2, 2, 2]",1024,128,15.518449
N=131072_Stage2_256_sbcc,256,"[16, 4, 2, 2]",128,64,15.532904
N=131072_Stage1_256_sbrc,256,"[4, 4, 2, 2, 2, 2]",128,16,15.549028
N=131072_Stage2_256_sbcc,256,"[16, 16]",128,32,15.568757
N=131072_Stage2_256_sbcc,256,"[16, 8, 2]",128,64,15.597918
N=131072_Stage1_256_sbrc,256,"[4, 4, 2, 2, 2, 2]",256,16,15.602039
N=131072_Stage2_256_sbcc,256,"[16, 4, 4]",128,64,15.646823
N=131072_Stage1_256_sbrc,256,"[4, 4, 4, 4]",1024,128,15.648695
N=131072_Stage1_256_sbrc,256,"[16, 4, 2, 2]",512,64,15.728904
N=131072_Stage1_256_sbrc,256,"[16, 4, 2, 2]",1024,64,15.731493
N=131072_Stage2_256_sbcc,256,"[8, 4, 4, 2]",256,128,15.731767
N=131072_Stage2_256_sbcc,256,"[8, 8, 2, 2]",256,128,15.769329
N=131072_Stage1_256_sbrc,256,"[16, 2, 2, 2, 2]",1024,64,15.873597
N=131072_Stage1_256_sbrc,256,"[16, 2, 2, 2, 2]",512,64,15.874992
N=131072_Stage2_256_sbcc,256,"[16, 16]",128,16,15.877085
N=131072_Stage2_256_sbcc,256,"[16, 16]",512,16,15.878094
N=131072_Stage1_256_sbrc,256,"[8, 8, 4]",512,128,15.878543
N=131072_Stage2_256_sbcc,256,"[16, 16]",256,16,15.882
N=131072_Stage2_256_sbcc,256,"[16, 16]",1024,16,15.884477
N=131072_Stage2_256_sbcc,256,"[4, 4, 4, 4]",1024,128,15.905037
N=131072_Stage1_256_sbrc,256,"[16, 16]",256,64,15.926004
N=131072_Stage2_256_sbcc,256,"[8, 8, 4]",128,16,15.943484
N=131072_Stage2_256_sbcc,256,"[8, 8, 4]",512,16,15.944785
N=131072_Stage2_256_sbcc,256,"[8, 8, 4]",1024,16,15.947792
N=131072_Stage2_256_sbcc,256,"[8, 8, 4]",256,16,15.952378
N=131072_Stage1_256_sbrc,256,"[8, 4, 4, 2]",256,128,15.99138
N=131072_Stage1_256_sbrc,256,"[4, 2, 2, 2, 2, 2, 2]",128,16,15.992192
N=131072_Stage1_256_sbrc,256,"[8, 8, 2, 2]",512,128,16.032221
N=131072_Stage2_256_sbcc,256,"[4, 2, 2, 2, 2, 2, 2]",1024,256,16.044333
N=131072_Stage1_256_sbrc,256,"[4, 2, 2, 2, 2, 2, 2]",256,16,16.06637
N=131072_Stage2_256_sbcc,256,"[16, 16]",512,32,16.137764
N=131072_Stage2_256_sbcc,256,"[16, 8, 2]",128,16,16.153516
N=131072_Stage2_256_sbcc,256,"[16, 16]",1024,32,16.155772
N=131072_Stage2_256_sbcc,256,"[16, 8, 2]",1024,16,16.160395
N=131072_Stage2_256_sbcc,256,"[16, 8, 2]",512,16,16.16269
N=131072_Stage2_256_sbcc,256,"[16, 16]",256,32,16.166667
N=131072_Stage2_256_sbcc,256,"[16, 8, 2]",256,16,16.172858
N=131072_Stage2_256_sbcc,256,"[16, 4, 4]",1024,16,16.293191
N=131072_Stage2_256_sbcc,256,"[16, 4, 4]",256,16,16.301235
N=131072_Stage2_256_sbcc,256,"[16, 4, 4]",128,16,16.305352
N=131072_Stage2_256_sbcc,256,"[16, 4, 4]",512,16,16.305669
N=131072_Stage2_256_sbcc,256,"[8, 4, 4, 2]",256,16,16.325581
N=131072_Stage2_256_sbcc,256,"[8, 4, 4, 2]",1024,16,16.331318
N=131072_Stage2_256_sbcc,256,"[8, 4, 4, 2]",128,16,16.333804
N=131072_Stage2_256_sbcc,256,"[8, 4, 4, 2]",512,16,16.343805
N=131072_Stage1_256_sbrc,256,"[8, 8, 4]",1024,128,16.426762
N=131072_Stage1_256_sbrc,256,"[2, 2, 2, 2, 2, 2, 2, 2]",256,16,16.428258
N=131072_Stage1_256_sbrc,256,"[16, 8, 2]",256,64,16.43223
N=131072_Stage1_256_sbrc,256,"[2, 2, 2, 2, 2, 2, 2, 2]",128,16,16.434545
N=131072_Stage1_256_sbrc,256,"[16, 16]",128,64,16.436257
N=131072_Stage2_256_sbcc,256,"[2, 2, 2, 2, 2, 2, 2, 2]",1024,256,16.502791
N=131072_Stage2_256_sbcc,256,"[8, 8, 2, 2]",256,16,16.531479
N=131072_Stage2_256_sbcc,256,"[8, 8, 2, 2]",1024,16,16.539243
N=131072_Stage1_256_sbrc,256,"[8, 4, 2, 2, 2]",1024,128,16.540355
N=131072_Stage2_256_sbcc,256,"[8, 8, 2, 2]",128,16,16.551534
N=131072_Stage2_256_sbcc,256,"[8, 8, 2, 2]",512,16,16.55366
N=131072_Stage1_256_sbrc,256,"[16, 8, 2]",128,64,16.568694
N=131072_Stage2_256_sbcc,256,"[16, 4, 2, 2]",512,16,16.681095
N=131072_Stage1_256_sbrc,256,"[4, 2, 2, 2, 2, 2, 2]",512,256,16.688049
N=131072_Stage1_256_sbrc,256,"[16, 16]",512,64,16.690319
N=131072_Stage2_256_sbcc,256,"[16, 4, 2, 2]",1024,16,16.697036
N=131072_Stage2_256_sbcc,256,"[16, 16]",64,32,16.699396
N=131072_Stage2_256_sbcc,256,"[16, 4, 2, 2]",256,16,16.703653
N=131072_Stage1_256_sbrc,256,"[16, 16]",1024,64,16.704097
N=131072_Stage2_256_sbcc,256,"[4, 4, 4, 4]",1024,16,16.710099
N=131072_Stage2_256_sbcc,256,"[16, 4, 2, 2]",128,16,16.710419
N=131072_Stage2_256_sbcc,256,"[4, 4, 4, 4]",512,16,16.710623
N=131072_Stage2_256_sbcc,256,"[4, 4, 4, 4]",256,16,16.712572
N=131072_Stage2_256_sbcc,256,"[4, 4, 4, 4]",128,16,16.713912
N=131072_Stage1_256_sbrc,256,"[8, 8, 2, 2]",1024,128,16.721147
N=131072_Stage2_256_sbcc,256,"[8, 8, 4]",512,128,16.804775
N=131072_Stage2_256_sbcc,256,"[4, 4, 4, 4]",256,128,16.827596
N=131072_Stage1_256_sbrc,256,"[8, 8, 2, 2]",256,128,16.840336
N=131072_Stage1_256_sbrc,256,"[8, 8, 4]",256,128,16.855156
N=131072_Stage1_256_sbrc,256,"[2, 2, 2, 2, 2, 2, 2, 2]",1024,256,16.894113
N=131072_Stage2_256_sbcc,256,"[4, 4, 2, 2, 2, 2]",1024,256,16.895904
N=131072_Stage2_256_sbcc,256,"[4, 4, 4, 2, 2]",1024,16,16.950159
N=131072_Stage2_256_sbcc,256,"[4, 4, 4, 2, 2]",512,16,16.95364
N=131072_Stage2_256_sbcc,256,"[8, 8, 4]",1024,128,16.954647
N=131072_Stage2_256_sbcc,256,"[4, 4, 4, 2, 2]",128,16,16.961686
N=131072_Stage2_256_sbcc,256,"[4, 4, 4, 2, 2]",256,16,16.967109
N=131072_Stage1_256_sbrc,256,"[2, 2, 2, 2, 2, 2, 2, 2]",512,256,17.01113
N=131072_Stage2_256_sbcc,256,"[8, 4, 2, 2, 2]",256,16,17.084291
N=131072_Stage2_256_sbcc,256,"[8, 4, 2, 2, 2]",128,16,17.084724
N=131072_Stage2_256_sbcc,256,"[8, 4, 2, 2, 2]",512,16,17.088889
N=131072_Stage2_256_sbcc,256,"[8, 4, 2, 2, 2]",1024,16,17.089367
N=131072_Stage1_256_sbrc,256,"[4, 2, 2, 2, 2, 2, 2]",1024,256,17.122078
N=131072_Stage1_256_sbrc,256,"[8, 4, 4, 2]",1024,128,17.140714
N=131072_Stage1_256_sbrc,256,"[16, 8, 2]",1024,64,17.312734
N=131072_Stage1_256_sbrc,256,"[16, 8, 2]",512,64,17.316399
N=131072_Stage2_256_sbcc,256,"[16, 2, 2, 2, 2]",256,16,17.414934
N=131072_Stage2_256_sbcc,256,"[16, 2, 2, 2, 2]",512,16,17.422357
N=131072_Stage2_256_sbcc,256,"[16, 2, 2, 2, 2]",128,16,17.425348
N=131072_Stage2_256_sbcc,256,"[16, 2, 2, 2, 2]",1024,16,17.427068
N=131072_Stage2_256_sbcc,256,"[8, 2, 2, 2, 2, 2]",256,16,17.54534
N=131072_Stage2_256_sbcc,256,"[4, 4, 2, 2, 2, 2]",128,16,17.546336
N=131072_Stage2_256_sbcc,256,"[8, 2, 2, 2, 2, 2]",512,16,17.550267
N=131072_Stage2_256_sbcc,256,"[4, 4, 2, 2, 2, 2]",512,16,17.551685
N=131072_Stage2_256_sbcc,256,"[4, 4, 2, 2, 2, 2]",256,16,17.554667
N=131072_Stage2_256_sbcc,256,"[8, 2, 2, 2, 2, 2]",128,16,17.556494
N=131072_Stage2_256_sbcc,256,"[8, 2, 2, 2, 2, 2]",1024,16,17.560433
N=131072_Stage2_256_sbcc,256,"[4, 4, 2, 2, 2, 2]",1024,16,17.56194
N=131072_Stage1_256_sbrc,256,"[16, 4, 4]",64,64,17.604105
N=131072_Stage1_256_sbrc,256,"[16, 2, 2, 2, 2]",256,128,17.624461
N=131072_Stage1_256_sbrc,256,"[8, 8, 4]",64,64,17.733746
N=131072_Stage1_256_sbrc,256,"[4, 2, 2, 2, 2, 2, 2]",128,128,17.846664
N=131072_Stage1_256_sbrc,256,"[8, 4, 4, 2]",128,128,17.852312
N=131072_Stage1_256_sbrc,256,"[8, 8, 2, 2]",64,64,17.89823
N=131072_Stage1_256_sbrc,256,"[4, 4, 2, 2, 2, 2]",128,128,17.942324
N=131072_Stage1_256_sbrc,256,"[2, 2, 2, 2, 2, 2, 2, 2]",128,128,17.987834
N=131072_Stage1_256_sbrc,256,"[4, 4, 2, 2, 2, 2]",1024,256,18.008397
N=131072_Stage2_256_sbcc,256,"[4, 4, 4, 2, 2]",1024,256,18.037116
N=131072_Stage2_256_sbcc,256,"[16, 2, 2, 2, 2]",512,128,18.09542
N=131072_Stage2_256_sbcc,256,"[4, 2, 2, 2, 2, 2, 2]",1024,16,18.108825
N=131072_Stage2_256_sbcc,256,"[4, 2, 2, 2, 2, 2, 2]",512,16,18.110856
N=131072_Stage2_256_sbcc,256,"[4, 2, 2, 2, 2, 2, 2]",256,16,18.115452
N=131072_Stage2_256_sbcc,256,"[4, 2, 2, 2, 2, 2, 2]",128,16,18.117984
N=131072_Stage1_256_sbrc,256,"[4, 4, 4, 2, 2]",128,128,18.120474
N=131072_Stage1_256_sbrc,256,"[8, 2, 2, 2, 2, 2]",128,128,18.14502
N=131072_Stage1_256_sbrc,256,"[4, 4, 4, 4]",64,64,18.165719
N=131072_Stage1_256_sbrc,256,"[8, 4, 2, 2, 2]",128,128,18.17581
N=131072_Stage1_256_sbrc,256,"[4, 4, 2, 2, 2, 2]",64,64,18.177241
N=131072_Stage1_256_sbrc,256,"[4, 4, 4, 2, 2]",64,64,18.209545
N=131072_Stage2_256_sbcc,256,"[16, 4, 2, 2]",512,128,18.260887
N=131072_Stage1_256_sbrc,256,"[8, 2, 2, 2, 2, 2]",64,64,18.285964
N=131072_Stage1_256_sbrc,256,"[4, 2, 2, 2, 2, 2, 2]",256,256,18.314847
N=131072_Stage1_256_sbrc,256,"[4, 2, 2, 2, 2, 2, 2]",64,64,18.326034
N=131072_Stage1_256_sbrc,256,"[8, 4, 2, 2, 2]",64,64,18.361011
N=131072_Stage2_256_sbcc,256,"[8, 8, 4]",256,128,18.364538
N=131072_Stage1_256_sbrc,256,"[4, 4, 4, 4]",128,128,18.390968
N=131072_Stage1_256_sbrc,256,"[8, 4, 4, 2]",64,64,18.553232
N=131072_Stage1_256_sbrc,256,"[16, 4, 2, 2]",64,64,18.600652
N=131072_Stage1_256_sbrc,256,"[8, 8, 4]",128,128,18.639378
N=131072_Stage1_256_sbrc,256,"[4, 4, 4, 2, 2]",1024,256,18.704254
N=131072_Stage1_256_sbrc,256,"[16, 2, 2, 2, 2]",64,64,18.716103
N=131072_Stage1_256_sbrc,256,"[2, 2, 2, 2, 2, 2, 2, 2]",256,256,18.757003
N=131072_Stage1_256_sbrc,256,"[2, 2, 2, 2, 2, 2, 2, 2]",64,64,18.76601
N=131072_Stage2_256_sbcc,256,"[2, 2, 2, 2, 2, 2, 2, 2]",512,16,18.769704
N=131072_Stage2_256_sbcc,256,"[2, 2, 2, 2, 2, 2, 2, 2]",256,16,18.771813
N=131072_Stage1_256_sbrc,256,"[4, 4, 2, 2, 2, 2]",512,256,18.77282
N=131072_Stage2_256_sbcc,256,"[2, 2, 2, 2, 2, 2, 2, 2]",1024,16,18.774241
N=131072_Stage2_256_sbcc,256,"[2, 2, 2, 2, 2, 2, 2, 2]",128,16,18.774755
N=131072_Stage1_256_sbrc,256,"[16, 2, 2, 2, 2]",512,128,18.786287
N=131072_Stage1_256_sbrc,256,"[16, 8, 2]",64,64,18.885863
N=131072_Stage1_256_sbrc,256,"[4, 4, 4, 4]",512,256,18.903806
N=131072_Stage2_256_sbcc,256,"[16, 2, 2, 2, 2]",1024,128,19.003743
N=131072_Stage2_256_sbcc,256,"[16, 8, 2]",512,128,19.136718
N=131072_Stage1_256_sbrc,256,"[8, 8, 2, 2]",128,128,19.142637
N=131072_Stage1_256_sbrc,256,"[4, 4, 4, 4]",256,256,19.293255
N=131072_Stage1_256_sbrc,256,"[4, 4, 4, 4]",1024,256,19.333949
N=131072_Stage2_256_sbcc,256,"[8, 2, 2, 2, 2, 2]",1024,256,19.346833
N=131072_Stage1_256_sbrc,256,"[4, 4, 2, 2, 2, 2]",256,256,19.347975
N=131072_Stage2_256_sbcc,256,"[16, 4, 4]",512,128,19.393104
N=131072_Stage2_256_sbcc,256,"[2, 2, 2, 2, 2, 2, 2, 2]",512,256,19.4384
N=131072_Stage1_256_sbrc,256,"[8, 2, 2, 2, 2, 2]",512,256,19.545779
N=131072_Stage1_256_sbrc,256,"[4, 4, 4, 2, 2]",512,256,19.567766
N=131072_Stage2_256_sbcc,256,"[4, 2, 2, 2, 2, 2, 2]",512,256,19.569664
N=131072_Stage2_256_sbcc,256,"[4, 4, 2, 2, 2, 2]",512,256,19.753494
N=131072_Stage2_256_sbcc,256,"[16, 2, 2, 2, 2]",256,128,19.870306
N=131072_Stage1_256_sbrc,256,"[16, 16]",64,64,19.899028
N=131072_Stage1_256_sbrc,256,"[4, 4, 4, 2, 2]",256,256,19.93195
N=131072_Stage2_256_sbcc,256,"[2, 2, 2, 2, 2, 2, 2, 2]",128,128,20.043362
N=131072_Stage1_256_sbrc,256,"[8, 4, 4, 2]",512,256,20.128615
N=131072_Stage2_256_sbcc,256,"[8, 4, 2, 2, 2]",64,64,20.154661
N=131072_Stage1_256_sbrc,256,"[16, 2, 2, 2, 2]",128,128,20.220268
N=131072_Stage2_256_sbcc,256,"[16, 4, 2, 2]",64,64,20.221739
N=131072_Stage1_256_sbrc,256,"[8, 4, 2, 2, 2]",512,256,20.22216
N=131072_Stage2_256_sbcc,256,"[8, 2, 2, 2, 2, 2]",64,64,20.224222
N=131072_Stage2_256_sbcc,256,"[16, 2, 2, 2, 2]",64,64,20.243635
N=131072_Stage2_256_sbcc,256,"[16, 4, 4]",64,64,20.255364
N=131072_Stage2_256_sbcc,256,"[4, 4, 4, 4]",64,64,20.271196
N=131072_Stage2_256_sbcc,256,"[16, 16]",1024,64,20.318551
N=131072_Stage2_256_sbcc,256,"[16, 16]",512,64,20.327654
N=131072_Stage2_256_sbcc,256,"[2, 2, 2, 2, 2, 2, 2, 2]",64,64,20.332635
N=131072_Stage2_256_sbcc,256,"[8, 4, 4, 2]",64,64,20.338018
N=131072_Stage1_256_sbrc,256,"[16, 4, 2, 2]",256,128,20.341931
N=131072_Stage2_256_sbcc,256,"[4, 4, 2, 2, 2, 2]",64,64,20.364826
N=131072_Stage2_256_sbcc,256,"[4, 4, 4, 2, 2]",64,64,20.411044
N=131072_Stage2_256_sbcc,256,"[8, 2, 2, 2, 2, 2]",128,128,20.4485
N=131072_Stage2_256_sbcc,256,"[4, 2, 2, 2, 2, 2, 2]",64,64,20.463775
N=131072_Stage2_256_sbcc,256,"[4, 4, 4, 2, 2]",512,256,20.47236
N=131072_Stage2_256_sbcc,256,"[4, 2, 2, 2, 2, 2, 2]",128,128,20.542744
N=131072_Stage2_256_sbcc,256,"[16, 4, 2, 2]",256,128,20.546674
N=131072_Stage1_256_sbrc,256,"[16, 4, 4]",128,128,20.578235
N=131072_Stage2_256_sbcc,256,"[16, 16]",256,64,20.607126
N=131072_Stage1_256_sbrc,256,"[16, 4, 4]",256,128,20.679993
N=131072_Stage2_256_sbcc,256,"[8, 8, 4]",128,128,20.686229
N=131072_Stage2_256_sbcc,256,"[8, 2, 2, 2, 2, 2]",512,256,20.686905
N=131072_Stage2_256_sbcc,256,"[8, 4, 2, 2, 2]",128,128,20.693387
N=131072_Stage2_256_sbcc,256,"[8, 8, 2, 2]",64,64,20.706625
N=131072_Stage2_256_sbcc,256,"[8, 8, 4]",64,64,20.729071
N=131072_Stage2_256_sbcc,256,"[4, 4, 4, 4]",128,128,20.731794
N=131072_Stage2_256_sbcc,256,"[4, 4, 2, 2, 2, 2]",128,128,20.732223
N=131072_Stage1_256_sbrc,256,"[16, 16]",1024,128,20.836701
N=131072_Stage1_256_sbrc,256,"[16, 2, 2, 2, 2]",1024,128,20.848463
N=131072_Stage2_256_sbcc,256,"[8, 4, 4, 2]",128,128,20.912207
N=131072_Stage2_256_sbcc,256,"[16, 8, 2]",256,128,20.942902
N=131072_Stage2_256_sbcc,256,"[4, 2, 2, 2, 2, 2, 2]",256,256,20.982242
N=131072_Stage1_256_sbrc,256,"[16, 4, 2, 2]",128,128,21.048626
N=131072_Stage1_256_sbrc,256,"[8, 8, 4]",1024,256,21.066379
N=131072_Stage2_256_sbcc,256,"[4, 4, 4, 2, 2]",128,128,21.119582
N=131072_Stage1_256_sbrc,256,"[8, 2, 2, 2, 2, 2]",1024,256,21.120108
N=131072_Stage2_256_sbcc,256,"[8, 4, 2, 2, 2]",1024,256,21.160739
N=131072_Stage2_256_sbcc,256,"[8, 4, 4, 2]",512,256,21.200669
N=131072_Stage2_256_sbcc,256,"[8, 4, 2, 2, 2]",512,256,21.208375
N=131072_Stage2_256_sbcc,256,"[16, 16]",128,64,21.292162
N=131072_Stage1_256_sbrc,256,"[8, 8, 4]",512,256,21.454836
N=131072_Stage1_256_sbrc,256,"[16, 4, 4]",512,128,21.479019
N=131072_Stage2_256_sbcc,256,"[2, 2, 2, 2, 2, 2, 2, 2]",256,256,21.487563
N=131072_Stage1_256_sbrc,256,"[16, 16]",256,128,21.494604
N=131072_Stage1_256_sbrc,256,"[8, 2, 2, 2, 2, 2]",256,256,21.513292
N=131072_Stage2_256_sbcc,256,"[4, 4, 2, 2, 2, 2]",256,256,21.644342
N=131072_Stage2_256_sbcc,256,"[16, 4, 4]",256,128,21.666174
N=131072_Stage2_256_sbcc,256,"[8, 8, 2, 2]",128,128,21.708452
N=131072_Stage1_256_sbrc,256,"[8, 4, 4, 2]",1024,256,21.838381
N=131072_Stage1_256_sbrc,256,"[8, 4, 2, 2, 2]",256,256,21.891895
N=131072_Stage2_256_sbcc,256,"[4, 4, 4, 2, 2]",256,256,21.912374
N=131072_Stage1_256_sbrc,256,"[16, 16]",512,128,21.930888
N=131072_Stage1_256_sbrc,256,"[8, 4, 4, 2]",256,256,21.963364
N=131072_Stage2_256_sbcc,256,"[16, 8, 2]",64,64,22.015485
N=131072_Stage2_256_sbcc,256,"[8, 4, 4, 2]",1024,256,22.039208
N=131072_Stage1_256_sbrc,256,"[16, 8, 2]",256,128,22.047946
N=131072_Stage1_256_sbrc,256,"[16, 4, 2, 2]",512,128,22.164261
N=131072_Stage1_256_sbrc,256,"[16, 8, 2]",512,128,22.584202
N=131072_Stage1_256_sbrc,256,"[8, 4, 2, 2, 2]",1024,256,22.679632
N=131072_Stage1_256_sbrc,256,"[16, 16]",128,128,22.874761
N=131072_Stage2_256_sbcc,256,"[16, 2, 2, 2, 2]",128,128,23.062382
N=131072_Stage2_256_sbcc,256,"[8, 8, 4]",256,256,23.352636
N=131072_Stage2_256_sbcc,256,"[16, 4, 4]",128,128,23.531921
N=131072_Stage2_256_sbcc,256,"[8, 8, 2, 2]",1024,256,23.741684
N=131072_Stage2_256_sbcc,256,"[16, 4, 2, 2]",128,128,23.781846
N=131072_Stage1_256_sbrc,256,"[16, 8, 2]",128,128,23.852097
N=131072_Stage2_256_sbcc,256,"[4, 4, 4, 4]",512,256,23.976605
N=131072_Stage2_256_sbcc,256,"[4, 4, 4, 4]",1024,256,24.037779
N=131072_Stage2_256_sbcc,256,"[8, 8, 2, 2]",512,256,24.179869
N=131072_Stage2_256_sbcc,256,"[16, 8, 2]",128,128,24.474189
N=131072_Stage1_256_sbrc,256,"[8, 8, 2, 2]",512,256,24.530545
N=131072_Stage1_256_sbrc,256,"[8, 8, 4]",256,256,24.604556
N=131072_Stage2_256_sbcc,256,"[16, 4, 2, 2]",1024,128,25.166266
N=131072_Stage2_256_sbcc,256,"[8, 4, 4, 2]",256,256,25.351251
N=131072_Stage2_256_sbcc,256,"[16, 8, 2]",1024,128,25.3769
N=131072_Stage2_256_sbcc,256,"[8, 4, 2, 2, 2]",256,256,25.581068
N=131072_Stage2_256_sbcc,256,"[8, 2, 2, 2, 2, 2]",256,256,25.785864
N=131072_Stage1_256_sbrc,256,"[8, 8, 2, 2]",1024,256,25.841482
N=131072_Stage2_256_sbcc,256,"[4, 4, 4, 4]",256,256,25.845277
N=131072_Stage1_256_sbrc,256,"[8, 8, 2, 2]",256,256,25.897755
N=131072_Stage2_256_sbcc,256,"[4, 2, 2, 2, 2, 2, 2]",1024,512,26.041319
N=131072_Stage2_256_sbcc,256,"[2, 2, 2, 2, 2, 2, 2, 2]",1024,512,26.757754
N=131072_Stage2_256_sbcc,256,"[8, 8, 4]",512,256,26.804428
N=131072_Stage2_256_sbcc,256,"[16, 4, 4]",1024,128,26.867373
N=131072_Stage2_256_sbcc,256,"[8, 8, 2, 2]",256,256,26.908245
N=131072_Stage2_256_sbcc,256,"[4, 4, 2, 2, 2, 2]",1024,512,27.143194
N=131072_Stage1_256_sbrc,256,"[16, 4, 4]",1024,128,27.272641
N=131072_Stage2_256_sbcc,256,"[8, 8, 4]",1024,256,27.831578
N=131072_Stage2_256_sbcc,256,"[4, 2, 2, 2, 2, 2, 2]",512,512,28.006121
N=131072_Stage1_256_sbrc,256,"[16, 4, 2, 2]",1024,128,28.225066
N=131072_Stage2_256_sbcc,256,"[2, 2, 2, 2, 2, 2, 2, 2]",512,512,28.542984
N=131072_Stage1_256_sbrc,256,"[16, 16]",1024,256,28.56999
N=131072_Stage2_256_sbcc,256,"[16, 2, 2, 2, 2]",1024,256,28.744462
N=131072_Stage2_256_sbcc,256,"[4, 4, 2, 2, 2, 2]",512,512,29.054649
N=131072_Stage1_256_sbrc,256,"[16, 2, 2, 2, 2]",256,256,29.08175
N=131072_Stage2_256_sbcc,256,"[16, 16]",64,64,29.109317
N=131072_Stage2_256_sbcc,256,"[4, 4, 4, 2, 2]",1024,512,29.322636
N=131072_Stage2_256_sbcc,256,"[4, 4, 4, 2, 2]",512,512,30.056781
N=131072_Stage1_256_sbrc,256,"[16, 2, 2, 2, 2]",512,256,30.068963
N=131072_Stage2_256_sbcc,256,"[16, 2, 2, 2, 2]",512,256,31.438546
N=131072_Stage2_256_sbcc,256,"[16, 4, 2, 2]",512,256,32.341268
N=131072_Stage2_256_sbcc,256,"[8, 2, 2, 2, 2, 2]",1024,512,32.402212
N=131072_Stage1_256_sbrc,256,"[16, 4, 4]",256,256,32.533085
N=131072_Stage1_256_sbrc,256,"[16, 4, 2, 2]",256,256,33.144967
N=131072_Stage1_256_sbrc,256,"[16, 4, 4]",512,256,33.182407
N=131072_Stage2_256_sbcc,256,"[16, 4, 4]",512,256,33.41332
N=131072_Stage1_256_sbrc,256,"[16, 8, 2]",1024,128,33.507128
N=131072_Stage2_256_sbcc,256,"[16, 16]",512,128,33.802651
N=131072_Stage1_256_sbrc,256,"[16, 16]",256,256,34.226015
N=131072_Stage1_256_sbrc,256,"[16, 16]",512,256,34.459287
N=131072_Stage2_256_sbcc,256,"[16, 16]",256,128,34.559187
N=131072_Stage1_256_sbrc,256,"[16, 4, 2, 2]",512,256,34.725489
N=131072_Stage1_256_sbrc,256,"[16, 8, 2]",256,256,35.413208
N=131072_Stage1_256_sbrc,256,"[16, 8, 2]",512,256,35.618651
N=131072_Stage2_256_sbcc,256,"[8, 4, 2, 2, 2]",1024,512,35.942464
N=131072_Stage2_256_sbcc,256,"[16, 8, 2]",512,256,36.207215
N=131072_Stage2_256_sbcc,256,"[16, 4, 2, 2]",256,256,36.858079
N=131072_Stage1_256_sbrc,256,"[16, 4, 2, 2]",1024,256,37.017497
N=131072_Stage2_256_sbcc,256,"[8, 8, 4]",512,512,37.144465
N=131072_Stage2_256_sbcc,256,"[16, 2, 2, 2, 2]",256,256,37.285181
N=131072_Stage2_256_sbcc,256,"[8, 4, 4, 2]",512,512,37.384964
N=131072_Stage2_256_sbcc,256,"[16, 4, 4]",256,256,37.409302
N=131072_Stage2_256_sbcc,256,"[8, 2, 2, 2, 2, 2]",512,512,37.566374
N=131072_Stage2_256_sbcc,256,"[8, 4, 4, 2]",1024,512,37.703031
N=131072_Stage2_256_sbcc,256,"[16, 8, 2]",256,256,38.155046
N=131072_Stage2_256_sbcc,256,"[8, 4, 2, 2, 2]",512,512,38.611599
N=131072_Stage2_256_sbcc,256,"[4, 4, 4, 4]",512,512,38.710284
N=131072_Stage2_256_sbcc,256,"[16, 16]",128,128,38.983612
N=131072_Stage1_256_sbrc,256,"[16, 2, 2, 2, 2]",1024,256,39.969739
N=131072_Stage1_256_sbrc,256,"[16, 8, 2]",1024,256,40.391003
N=131072_Stage2_256_sbcc,256,"[16, 8, 2]",1024,256,40.509565
N=131072_Stage2_256_sbcc,256,"[8, 8, 2, 2]",1024,512,40.927961
N=131072_Stage2_256_sbcc,256,"[16, 4, 2, 2]",1024,256,41.223527
N=131072_Stage1_256_sbrc,256,"[16, 4, 4]",1024,256,41.576271
N=131072_Stage2_256_sbcc,256,"[16, 4, 4]",1024,256,41.73715
N=131072_Stage2_256_sbcc,256,"[4, 2, 2, 2, 2, 2, 2]",1024,1024,42.132734
N=131072_Stage2_256_sbcc,256,"[8, 8, 2, 2]",512,512,42.202404
N=131072_Stage2_256_sbcc,256,"[4, 4, 4, 4]",1024,512,43.782436
N=131072_Stage2_256_sbcc,256,"[2, 2, 2, 2, 2, 2, 2, 2]",1024,1024,44.39133
N=131072_Stage2_256_sbcc,256,"[4, 4, 2, 2, 2, 2]",1024,1024,44.415391
N=131072_Stage2_256_sbcc,256,"[4, 4, 4, 2, 2]",1024,1024,47.488645
N=131072_Stage2_256_sbcc,256,"[8, 8, 4]",1024,512,48.476906
N=131072_Stage2_256_sbcc,256,"[8, 2, 2, 2, 2, 2]",1024,1024,51.354427
N=131072_Stage2_256_sbcc,256,"[16, 2, 2, 2, 2]",1024,512,51.998658
N=131072_Stage2_256_sbcc,256,"[8, 4, 4, 2]",1024,1024,53.226402
N=131072_Stage2_256_sbcc,256,"[8, 4, 2, 2, 2]",1024,1024,55.722287
N=131072_Stage2_256_sbcc,256,"[8, 8, 4]",1024,1024,60.647851
N=131072_Stage2_256_sbcc,256,"[16, 16]",512,256,61.672685
N=131072_Stage2_256_sbcc,256,"[16, 2, 2, 2, 2]",512,512,62.094915
N=131072_Stage2_256_sbcc,256,"[16, 4, 4]",512,512,62.446908
N=131072_Stage2_256_sbcc,256,"[16, 4, 2, 2]",512,512,63.653347
N=131072_Stage2_256_sbcc,256,"[16, 8, 2]",512,512,64.311097
N=131072_Stage2_256_sbcc,256,"[4, 4, 4, 4]",1024,1024,64.608805
N=131072_Stage2_256_sbcc,256,"[16, 4, 2, 2]",1024,512,74.934473
N=131072_Stage2_256_sbcc,256,"[8, 8, 2, 2]",1024,1024,78.158818
N=131072_Stage2_256_sbcc,256,"[16, 4, 4]",1024,512,78.914319
N=131072_Stage2_256_sbcc,256,"[16, 16]",1024,128,83.521676
N=131072_Stage2_256_sbcc,256,"[16, 16]",256,256,85.54205
N=131072_Stage2_256_sbcc,256,"[16, 16]",512,512,94.390143
N=131072_Stage2_256_sbcc,256,"[16, 2, 2, 2, 2]",1024,1024,107.1345
N=131072_Stage2_256_sbcc,256,"[16, 8, 2]",1024,512,108.158893
N=131072_Stage2_256_sbcc,256,"[16, 4, 2, 2]",1024,1024,120.721254
N=131072_Stage2_256_sbcc,256,"[16, 16]",1024,1024,137.766577
N=131072_Stage2_256_sbcc,256,"[16, 16]",1024,256,158.956625
N=131072_Stage2_256_sbcc,256,"[16, 8, 2]",1024,1024,192.341741
N=131072_Stage2_256_sbcc,256,"[16, 4, 4]",1024,1024,200.160415
N=131072_Stage2_256_sbcc,256,"[16, 16]",1024,512,325.121758