Index,KernelName,gpu-id,queue-id,queue-index,pid,tid,grd,wgr,lds,scr,arch_vgpr,accum_vgpr,sgpr,wave_size,sig,GRBM_COUNT,GRBM_GUI_ACTIVE,SQ_ACTIVE_INST_VALU,SQ_INSTS_FLAT_LDS_ONLY,SQ_INSTS_LDS,SQ_INSTS_VALU,SQ_INSTS_VMEM_RD,SQ_INSTS_VMEM_WR,SQ_LDS_BANK_CONFLICT,SQ_WAIT_INST_LDS,TA_FLAT_READ_WAVEFRONTS[0],TA_FLAT_READ_WAVEFRONTS[1],TA_FLAT_READ_WAVEFRONTS[2],TA_FLAT_READ_WAVEFRONTS[3],TA_FLAT_READ_WAVEFRONTS[4],TA_FLAT_READ_WAVEFRONTS[5],TA_FLAT_READ_WAVEFRONTS[6],TA_FLAT_READ_WAVEFRONTS[7],TA_FLAT_READ_WAVEFRONTS[8],TA_FLAT_READ_WAVEFRONTS[9],TA_FLAT_READ_WAVEFRONTS[10],TA_FLAT_READ_WAVEFRONTS[11],TA_FLAT_READ_WAVEFRONTS[12],TA_FLAT_READ_WAVEFRONTS[13],TA_FLAT_READ_WAVEFRONTS[14],TA_FLAT_READ_WAVEFRONTS[15],TA_TA_BUSY[0],TA_TA_BUSY[1],TA_TA_BUSY[2],TA_TA_BUSY[3],TA_TA_BUSY[4],TA_TA_BUSY[5],TA_TA_BUSY[6],TA_TA_BUSY[7],TA_TA_BUSY[8],TA_TA_BUSY[9],TA_TA_BUSY[10],TA_TA_BUSY[11],TA_TA_BUSY[12],TA_TA_BUSY[13],TA_TA_BUSY[14],TA_TA_BUSY[15],TCC_EA_RDREQ[0],TCC_EA_RDREQ[1],TCC_EA_RDREQ[2],TCC_EA_RDREQ[3],TCC_EA_RDREQ[4],TCC_EA_RDREQ[5],TCC_EA_RDREQ[6],TCC_EA_RDREQ[7],TCC_EA_RDREQ[8],TCC_EA_RDREQ[9],TCC_EA_RDREQ[10],TCC_EA_RDREQ[11],TCC_EA_RDREQ[12],TCC_EA_RDREQ[13],TCC_EA_RDREQ[14],TCC_EA_RDREQ[15],TCC_EA_RDREQ[16],TCC_EA_RDREQ[17],TCC_EA_RDREQ[18],TCC_EA_RDREQ[19],TCC_EA_RDREQ[20],TCC_EA_RDREQ[21],TCC_EA_RDREQ[22],TCC_EA_RDREQ[23],TCC_EA_RDREQ[24],TCC_EA_RDREQ[25],TCC_EA_RDREQ[26],TCC_EA_RDREQ[27],TCC_EA_RDREQ[28],TCC_EA_RDREQ[29],TCC_EA_RDREQ[30],TCC_EA_RDREQ[31],TCC_EA_RDREQ_32B[0],TCC_EA_RDREQ_32B[1],TCC_EA_RDREQ_32B[2],TCC_EA_RDREQ_32B[3],TCC_EA_RDREQ_32B[4],TCC_EA_RDREQ_32B[5],TCC_EA_RDREQ_32B[6],TCC_EA_RDREQ_32B[7],TCC_EA_RDREQ_32B[8],TCC_EA_RDREQ_32B[9],TCC_EA_RDREQ_32B[10],TCC_EA_RDREQ_32B[11],TCC_EA_RDREQ_32B[12],TCC_EA_RDREQ_32B[13],TCC_EA_RDREQ_32B[14],TCC_EA_RDREQ_32B[15],TCC_EA_RDREQ_32B[16],TCC_EA_RDREQ_32B[17],TCC_EA_RDREQ_32B[18],TCC_EA_RDREQ_32B[19],TCC_EA_RDREQ_32B[20],TCC_EA_RDREQ_32B[21],TCC_EA_RDREQ_32B[22],TCC_EA_RDREQ_32B[23],TCC_EA_RDREQ_32B[24],TCC_EA_RDREQ_32B[25],TCC_EA_RDREQ_32B[26],TCC_EA_RDREQ_32B[27],TCC_EA_RDREQ_32B[28],TCC_EA_RDREQ_32B[29],TCC_EA_RDREQ_32B[30],TCC_EA_RDREQ_32B[31],TCC_EA1_RDREQ[0],TCC_EA1_RDREQ[1],TCC_EA1_RDREQ[2],TCC_EA1_RDREQ[3],TCC_EA1_RDREQ[4],TCC_EA1_RDREQ[5],TCC_EA1_RDREQ[6],TCC_EA1_RDREQ[7],TCC_EA1_RDREQ[8],TCC_EA1_RDREQ[9],TCC_EA1_RDREQ[10],TCC_EA1_RDREQ[11],TCC_EA1_RDREQ[12],TCC_EA1_RDREQ[13],TCC_EA1_RDREQ[14],TCC_EA1_RDREQ[15],TCC_EA1_RDREQ[16],TCC_EA1_RDREQ[17],TCC_EA1_RDREQ[18],TCC_EA1_RDREQ[19],TCC_EA1_RDREQ[20],TCC_EA1_RDREQ[21],TCC_EA1_RDREQ[22],TCC_EA1_RDREQ[23],TCC_EA1_RDREQ[24],TCC_EA1_RDREQ[25],TCC_EA1_RDREQ[26],TCC_EA1_RDREQ[27],TCC_EA1_RDREQ[28],TCC_EA1_RDREQ[29],TCC_EA1_RDREQ[30],TCC_EA1_RDREQ[31],TCC_EA1_RDREQ_32B[0],TCC_EA1_RDREQ_32B[1],TCC_EA1_RDREQ_32B[2],TCC_EA1_RDREQ_32B[3],TCC_EA1_RDREQ_32B[4],TCC_EA1_RDREQ_32B[5],TCC_EA1_RDREQ_32B[6],TCC_EA1_RDREQ_32B[7],TCC_EA1_RDREQ_32B[8],TCC_EA1_RDREQ_32B[9],TCC_EA1_RDREQ_32B[10],TCC_EA1_RDREQ_32B[11],TCC_EA1_RDREQ_32B[12],TCC_EA1_RDREQ_32B[13],TCC_EA1_RDREQ_32B[14],TCC_EA1_RDREQ_32B[15],TCC_EA1_RDREQ_32B[16],TCC_EA1_RDREQ_32B[17],TCC_EA1_RDREQ_32B[18],TCC_EA1_RDREQ_32B[19],TCC_EA1_RDREQ_32B[20],TCC_EA1_RDREQ_32B[21],TCC_EA1_RDREQ_32B[22],TCC_EA1_RDREQ_32B[23],TCC_EA1_RDREQ_32B[24],TCC_EA1_RDREQ_32B[25],TCC_EA1_RDREQ_32B[26],TCC_EA1_RDREQ_32B[27],TCC_EA1_RDREQ_32B[28],TCC_EA1_RDREQ_32B[29],TCC_EA1_RDREQ_32B[30],TCC_EA1_RDREQ_32B[31],TCP_TCP_TA_DATA_STALL_CYCLES[0],TCP_TCP_TA_DATA_STALL_CYCLES[1],TCP_TCP_TA_DATA_STALL_CYCLES[2],TCP_TCP_TA_DATA_STALL_CYCLES[3],TCP_TCP_TA_DATA_STALL_CYCLES[4],TCP_TCP_TA_DATA_STALL_CYCLES[5],TCP_TCP_TA_DATA_STALL_CYCLES[6],TCP_TCP_TA_DATA_STALL_CYCLES[7],TCP_TCP_TA_DATA_STALL_CYCLES[8],TCP_TCP_TA_DATA_STALL_CYCLES[9],TCP_TCP_TA_DATA_STALL_CYCLES[10],TCP_TCP_TA_DATA_STALL_CYCLES[11],TCP_TCP_TA_DATA_STALL_CYCLES[12],TCP_TCP_TA_DATA_STALL_CYCLES[13],TCP_TCP_TA_DATA_STALL_CYCLES[14],TCP_TCP_TA_DATA_STALL_CYCLES[15],DispatchNs,BeginNs,EndNs,CompleteNs
0,twiddle_gen_radices_dp,0,1,0,3855767,3855767,2048,1024,0,0,32,0,48,64,0x7f5f707fdf80,35856,35856,23744,0,0,23552,96,224,0,0,0,0,48,0,48,0,0,0,0,0,0,0,0,0,0,0,0,0,5387,0,5470,0,0,0,0,0,0,0,0,0,0,0,4,1,0,1,1,0,0,0,4,0,0,0,3,0,4,4,5,0,0,3,0,1,0,3,2,0,0,0,4,0,0,0,0,0,0,0,0,0,0,0,0,0,0,0,0,0,0,0,0,0,0,0,0,0,0,0,0,0,0,0,0,0,0,0,0,0,0,0,0,0,0,0,0,0,0,0,0,0,0,0,0,0,0,0,0,0,0,0,0,0,0,0,0,0,0,0,0,0,0,0,0,0,0,0,0,0,0,0,0,0,0,0,0,0,0,0,0,0,0,0,0,0,0,0,0,0,0,0,0,0,1128,0,1103,0,0,0,0,0,0,0,0,0,0,0,2330260513947589,2330260518247848,2330260518263048,2330260518274547
1,twiddle_gen_large_dp,0,1,2,3855767,3855767,8192,1024,0,0,32,0,32,64,0x7f5f707fde80,21678,21678,2096,0,0,2096,0,16,0,0,0,0,0,0,0,0,0,0,0,0,0,0,0,0,0,0,0,673,0,1446,762,2297,0,0,788,0,0,0,0,0,0,0,3,1,0,1,0,0,0,0,4,0,0,0,4,0,1,0,5,0,0,0,0,1,0,0,3,0,0,0,0,0,0,4,0,0,0,0,0,0,0,0,0,0,0,0,0,0,0,0,0,0,0,0,0,0,0,0,0,0,0,0,0,0,0,0,0,0,0,0,0,0,0,0,0,0,0,0,0,0,0,0,0,0,0,0,0,0,0,0,0,0,0,0,0,0,0,0,0,0,0,0,0,0,0,0,0,0,0,0,0,0,0,0,0,0,0,0,0,0,0,0,0,0,0,0,0,0,0,0,0,600,0,1300,689,2078,0,0,715,0,0,0,0,0,0,0,2330260640308861,2330260641695338,2330260641699978,2330260641710927
2,twiddle_gen_radices_dp,0,1,4,3855767,3855767,8192,1024,0,0,32,0,48,64,0x7f5f707fdd80,31748,31748,48352,0,0,47584,384,400,0,0,0,0,48,0,96,48,144,0,0,48,0,0,0,0,0,0,0,0,2839,0,6347,2880,8717,0,0,2744,0,0,0,0,0,0,4,1,0,1,1,0,0,0,4,0,0,0,3,0,4,4,5,0,0,3,0,1,0,3,2,0,0,0,4,0,0,0,0,0,0,0,0,0,0,0,0,0,0,0,0,0,0,0,0,0,0,0,0,0,0,0,0,0,0,0,0,0,0,0,0,0,0,0,0,0,0,0,0,0,0,0,0,0,0,0,0,0,0,0,0,0,0,0,0,0,0,0,0,0,0,0,0,0,0,0,0,0,0,0,0,0,0,0,0,0,0,0,0,0,0,0,0,0,0,0,0,0,0,0,0,0,0,0,0,0,698,0,1553,730,2257,0,0,661,0,0,0,0,0,0,2330260644837490,2330260645959495,2330260645969895,2330260645972405
3,_ZL39generate_random_interleaved_data_kernelI12input_val_1DImEdEvT_S2_mmS2_P14rocfft_complexIT0_ES2_mS2_m,0,0,27,3855767,3855767,524288000,8,0,0,16,0,32,64,0x7f5f707fe680,328217460,328217460,10420224000,0,0,10223616000,0,65536000,0,0,0,0,0,0,0,0,0,0,0,0,0,0,0,0,0,0,227214244,227230323,454353781,454438521,454300444,454479363,454478125,454241065,454415669,454423609,454621479,0,0,0,0,0,28,9,8,57,13,9,8,12,16,8,110,16,20,8,53,103,65,11,8,12,8,8,8,12,12,9,8,12,22,9,8,14,0,0,0,0,0,0,0,0,0,0,0,0,0,0,0,0,0,0,0,0,0,0,0,0,0,0,0,0,0,0,0,0,0,0,0,0,0,0,0,0,0,0,0,0,0,0,0,0,0,0,0,0,0,0,0,0,0,0,0,0,0,0,0,0,0,0,0,0,0,0,0,0,0,0,0,0,0,0,0,0,0,0,0,0,0,0,0,0,0,0,0,0,0,0,0,0,40654047,40687540,81304652,81387201,81229197,81404794,81400216,81132194,81344118,81371811,81602089,0,0,0,0,0,2330260692746242,2330260693881825,2330260912677399,2330260912720519
4,transpose_rtc_tile32x32_dim2_dp_CI_CI_diag_aligned,0,0,28,3855767,3855767,524288000,1024,16384,0,12,0,32,64,0x7f5f707fe600,22121626,22121626,319488000,0,16384000,270336000,8192000,8192000,458752000,167912052,410768,411104,822144,820912,820032,819904,818480,818464,817216,817264,815712,0,0,0,0,0,22934131,22877603,45696059,45879556,45825295,45742474,45964771,45863301,46011786,45910847,45938921,0,0,0,0,0,4096030,4096035,4096024,4096024,4096036,4096034,4096022,4096022,4096026,4096033,4096415,4096025,4096041,4096034,4096020,4096024,4096040,4096024,4096023,4096023,4096033,4096031,4096023,4096026,4096030,4096036,4096024,4096022,4096030,4096036,4096022,4096022,0,0,0,0,0,0,0,0,0,0,0,0,0,0,0,0,0,0,0,0,0,0,0,0,0,0,0,0,0,0,0,0,0,0,0,0,0,0,0,0,0,0,0,0,0,0,0,0,0,0,0,0,0,0,0,0,0,0,0,0,0,0,0,0,0,0,0,0,0,0,0,0,0,0,0,0,0,0,0,0,0,0,0,0,0,0,0,0,0,0,0,0,0,0,0,0,5664668,5587029,11148235,11416003,11400895,11313120,11539107,11533231,11670183,11551330,11629992,0,0,0,0,0,2330260693905947,2330260913576759,2330260928312602,2330260928330624
5,fft_rtc_fwd_len_512_factors_8_8_8_wgs_64_tpt_64_halfLds_dp_ip_CI_unitstride_sbrr_dirReg,0,0,29,3855767,3855767,65536000,64,4096,0,64,0,32,64,0x7f5f707fe580,19570000,19570000,324608000,0,49152000,324608000,22528000,8192000,262144000,59767989,1127280,1127786,2253900,2255352,2253966,2253658,2252602,2251348,2251480,2250402,2250226,0,0,0,0,0,67784285,71073102,139361545,139682477,139898707,140091778,140394552,141285808,140543033,141334312,141273374,0,0,0,0,0,4096008,4096004,4096008,4096015,4096010,4096005,4096004,4096005,4096009,4096005,4096004,4096004,4096008,4096004,4096006,4096016,4096008,4096004,4096004,4096018,4096008,4096007,4096005,4096006,4096008,4096004,4096005,4096007,4096008,4096004,4096008,4096023,0,0,0,0,0,0,0,0,0,0,0,0,0,0,0,0,0,0,0,0,0,0,0,0,0,0,0,0,0,0,0,0,0,0,0,0,0,0,0,0,0,0,0,0,0,0,0,0,0,0,0,0,0,0,0,0,0,0,0,0,0,0,0,0,0,0,0,0,0,0,0,0,0,0,0,0,0,0,0,0,0,0,0,0,0,0,0,0,0,0,0,0,0,0,0,0,10706068,12523237,23590481,23869358,24015855,24027115,24163449,24771718,24322279,24816860,24851130,0,0,0,0,0,2330260695263813,2330260929208603,2330260942240606,2330260942263153
6,transpose_rtc_tile32x32_dim2_dp_CI_CI_twd3step_fwd_diag_aligned,0,0,30,3855767,3855767,524288000,1024,16384,0,24,0,32,64,0x7f5f707fe500,22846388,22846388,491520000,0,16384000,442368000,32768000,8192000,458752000,29592199,1650048,1648320,3292800,3289088,3283520,3282240,3271936,3267648,3267264,3261312,3253824,0,0,0,0,0,66918409,66805702,133643032,133766773,133715372,133861586,133760374,133727602,133737547,133700773,133693169,0,0,0,0,0,4096028,4096028,4096040,4096027,4096036,4096032,4096040,4096031,4096040,4096028,4096432,4096028,4096028,4096029,4096040,4096040,4096029,4096028,4096040,4096032,4096042,4096028,4096044,4096028,4096040,4096028,4096040,4096028,4096028,4096028,4096040,4096028,0,0,0,0,0,0,0,0,0,0,0,0,0,0,0,0,0,0,0,0,0,0,0,0,0,0,0,0,0,0,0,0,0,0,0,0,0,0,0,0,0,0,0,0,0,0,0,0,0,0,0,0,0,0,0,0,0,0,0,0,0,0,0,0,0,0,0,0,0,0,0,0,0,0,0,0,0,0,0,0,0,0,0,0,0,0,0,0,0,0,0,0,0,0,0,0,2413773,2491839,4926515,4982211,4998253,5020306,5088240,5098551,5164472,5151369,5211607,0,0,0,0,0,2330260696607848,2330260943139006,2330260958358050,2330260958378621
7,fft_rtc_fwd_len_1024_factors_8_8_4_4_wgs_128_tpt_128_halfLds_dp_op_CI_CI_unitstride_sbrr_dirReg,0,0,31,3855767,3855767,65536000,128,8192,0,64,0,32,64,0x7f5f707ff480,19141860,19141860,397312000,0,73728000,397312000,24576000,8192000,262144000,196054319,1235424,1233312,2467872,2464656,2462448,2457552,2455440,2452944,2451504,2452080,2442768,0,0,0,0,0,66320807,66343901,132730350,132738668,132613095,132793578,132770580,132771213,132790692,132781046,132942620,0,0,0,0,0,4096008,4096012,4096008,4096012,4096011,4096008,4096008,4096013,4096006,4096013,4096010,4096014,4096012,4096012,4096008,4096013,4096013,4096013,4096008,4096012,4096008,4096013,4096008,4096012,4096008,4096009,4096008,4096015,4096009,4096012,4096008,4096012,0,0,0,0,0,0,0,0,0,0,0,0,0,0,0,0,0,0,0,0,0,0,0,0,0,0,0,0,0,0,0,0,0,0,0,0,0,0,0,0,0,0,0,0,0,0,0,0,0,0,0,0,0,0,0,0,0,0,0,0,0,0,0,0,0,0,0,0,0,0,0,0,0,0,0,0,0,0,0,0,0,0,0,0,0,0,0,0,0,0,0,0,0,0,0,0,15093155,15187360,30423939,30460150,30315532,30539012,30577196,30650992,30665467,30704929,30858470,0,0,0,0,0,2330260697804083,2330260959253570,2330260972001573,2330260972017948
8,transpose_rtc_tile32x32_dim2_dp_CI_CI_diag_aligned,0,0,32,3855767,3855767,524288000,1024,16384,0,12,0,32,64,0x7f5f707ff400,22142191,22142191,319488000,0,16384000,270336000,8192000,8192000,458752000,162117239,411104,410992,821664,820384,819568,819232,819072,818624,817360,817184,816816,0,0,0,0,0,20586295,20727655,41408842,41454518,41512376,41588234,41590335,41684360,41659735,41709569,41760862,0,0,0,0,0,4096000,4096004,4096000,4096000,4096000,4096000,4096000,4096000,4096000,4096000,4096002,4096002,4096000,4096000,4096000,4096000,4096001,4096000,4096000,4096000,4096000,4096000,4096000,4096001,4096000,4096000,4096000,4096000,4096000,4096005,4096000,4096000,0,0,0,0,0,0,0,0,0,0,0,0,0,0,0,0,0,0,0,0,0,0,0,0,0,0,0,0,0,0,0,0,0,0,0,0,0,0,0,0,0,0,0,0,0,0,0,0,0,0,0,0,0,0,0,0,0,0,0,0,0,0,0,0,0,0,0,0,0,0,0,0,0,0,0,0,0,0,0,0,0,0,0,0,0,0,0,0,0,0,0,0,0,0,0,0,3543564,3717913,7403279,7513068,7638984,7726106,7702667,7840212,7908782,7969628,8091513,0,0,0,0,0,2330260698990838,2330260972896780,2330260987646215,2330260987670754
9,_ZL39generate_random_interleaved_data_kernelI12input_val_1DImEdEvT_S2_mmS2_P14rocfft_complexIT0_ES2_mS2_m,0,0,33,3855767,3855767,524288000,8,0,0,16,0,32,64,0x7f5f707ff380,328215187,328215187,10420224000,0,0,10223616000,0,65536000,0,0,0,0,0,0,0,0,0,0,0,0,0,0,0,0,0,0,226921771,227246271,454407028,454229754,454290737,454341628,454642041,454026503,454770775,454154746,454598490,0,0,0,0,0,12,8,8,12,12,8,8,12,10,8,11,12,12,8,8,12,11,10,8,12,8,8,8,8,12,8,8,12,12,8,8,14,0,0,0,0,0,0,0,0,0,0,0,0,0,0,0,0,0,0,0,0,0,0,0,0,0,0,0,0,0,0,0,0,0,0,0,0,0,0,0,0,0,0,0,0,0,0,0,0,0,0,0,0,0,0,0,0,0,0,0,0,0,0,0,0,0,0,0,0,0,0,0,0,0,0,0,0,0,0,0,0,0,0,0,0,0,0,0,0,0,0,0,0,0,0,0,0,40417903,40790662,81489186,81273079,81350142,81405527,81777194,81089205,81892435,81233757,81726658,0,0,0,0,0,2330260700203813,2330260988543508,2330261207339040,2330261207372170
10,transpose_rtc_tile32x32_dim2_dp_CI_CI_diag_aligned,0,0,35,3855767,3855767,524288000,1024,16384,0,12,0,32,64,0x7f5f707ff280,22148919,22148919,319488000,0,16384000,270336000,8192000,8192000,458752000,161002018,411184,410688,821392,820816,819808,819216,819472,818336,817392,817072,816624,0,0,0,0,0,20605857,20746845,41485168,41451915,41519578,41569440,41599761,41606152,41689478,41778743,41728390,0,0,0,0,0,4096000,4096000,4096000,4096000,4096000,4096000,4096000,4096000,4096000,4096000,4096001,4096004,4096000,4096000,4096000,4096000,4096001,4096000,4096000,4096000,4096000,4096000,4096000,4096004,4096000,4096000,4096000,4096000,4096000,4096003,4096000,4096000,0,0,0,0,0,0,0,0,0,0,0,0,0,0,0,0,0,0,0,0,0,0,0,0,0,0,0,0,0,0,0,0,0,0,0,0,0,0,0,0,0,0,0,0,0,0,0,0,0,0,0,0,0,0,0,0,0,0,0,0,0,0,0,0,0,0,0,0,0,0,0,0,0,0,0,0,0,0,0,0,0,0,0,0,0,0,0,0,0,0,0,0,0,0,0,0,3574772,3778590,7454786,7531227,7633729,7700984,7759650,7803879,7913525,8033729,8054149,0,0,0,0,0,2330260701427599,2330261208243200,2330261222997280,2330261223024116
11,fft_rtc_fwd_len_512_factors_8_8_8_wgs_64_tpt_64_halfLds_dp_ip_CI_unitstride_sbrr_dirReg,0,0,36,3855767,3855767,65536000,64,4096,0,64,0,32,64,0x7f5f707ff200,19587610,19587610,324608000,0,49152000,324608000,22528000,8192000,262144000,59438405,1128314,1129480,2254846,2254296,2253944,2253130,2251458,2250710,2250534,2251084,2250204,0,0,0,0,0,68640578,71024309,140221235,140559690,140139662,140884348,141289978,141261532,141554141,141936106,142007274,0,0,0,0,0,4096007,4096004,4096008,4096009,4096009,4096004,4096004,4096005,4096008,4096004,4096004,4096004,4096008,4096004,4096006,4096013,4096008,4096005,4096004,4096021,4096008,4096004,4096004,4096004,4096008,4096009,4096004,4096007,4096008,4096004,4096008,4096010,0,0,0,0,0,0,0,0,0,0,0,0,0,0,0,0,0,0,0,0,0,0,0,0,0,0,0,0,0,0,0,0,0,0,0,0,0,0,0,0,0,0,0,0,0,0,0,0,0,0,0,0,0,0,0,0,0,0,0,0,0,0,0,0,0,0,0,0,0,0,0,0,0,0,0,0,0,0,0,0,0,0,0,0,0,0,0,0,0,0,0,0,0,0,0,0,11143044,12511577,23853389,24031302,24077646,24462674,24746838,24618041,24834045,25153938,25237929,0,0,0,0,0,2330260702651044,2330261223893280,2330261236939361,2330261236957234
12,transpose_rtc_tile32x32_dim2_dp_CI_CI_twd3step_fwd_diag_aligned,0,0,37,3855767,3855767,524288000,1024,16384,0,24,0,32,64,0x7f5f707ff180,22838499,22838499,491520000,0,16384000,442368000,32768000,8192000,458752000,29587304,1649728,1647744,3291648,3288640,3284416,3279424,3276800,3270016,3266368,3259456,3253760,0,0,0,0,0,66841325,66727650,133682244,133622520,133649729,133648158,133728608,133578450,133671640,133675877,133768734,0,0,0,0,0,4096028,4096028,4096040,4096027,4096028,4096033,4096040,4096028,4096028,4096028,4096432,4096028,4096028,4096028,4096028,4096040,4096029,4096028,4096028,4096032,4096030,4096028,4096044,4096028,4096028,4096030,4096040,4096028,4096028,4096028,4096038,4096028,0,0,0,0,0,0,0,0,0,0,0,0,0,0,0,0,0,0,0,0,0,0,0,0,0,0,0,0,0,0,0,0,0,0,0,0,0,0,0,0,0,0,0,0,0,0,0,0,0,0,0,0,0,0,0,0,0,0,0,0,0,0,0,0,0,0,0,0,0,0,0,0,0,0,0,0,0,0,0,0,0,0,0,0,0,0,0,0,0,0,0,0,0,0,0,0,2446040,2475871,4893585,4961605,4984960,5041958,5017630,5074974,5142370,5163218,5209951,0,0,0,0,0,2330260703855999,2330261237836161,2330261253048322,2330261253076612
13,fft_rtc_fwd_len_1024_factors_8_8_4_4_wgs_128_tpt_128_halfLds_dp_op_CI_CI_unitstride_sbrr_dirReg,0,0,38,3855767,3855767,65536000,128,8192,0,64,0,32,64,0x7f5f707ff100,19153817,19153817,397312000,0,73728000,397312000,24576000,8192000,262144000,195469488,1234800,1236000,2466528,2467056,2463216,2456208,2459280,2452320,2446224,2450592,2443776,0,0,0,0,0,66319679,66245193,132731979,132685571,132917920,132929405,132913190,132973575,133078873,133103705,133003551,0,0,0,0,0,4096008,4096013,4096008,4096012,4096011,4096008,4096012,4096014,4096010,4096020,4096010,4096013,4096012,4096014,4096008,4096012,4096013,4096012,4096008,4096012,4096009,4096015,4096008,4096012,4096008,4096009,4096008,4096016,4096009,4096012,4096008,4096012,0,0,0,0,0,0,0,0,0,0,0,0,0,0,0,0,0,0,0,0,0,0,0,0,0,0,0,0,0,0,0,0,0,0,0,0,0,0,0,0,0,0,0,0,0,0,0,0,0,0,0,0,0,0,0,0,0,0,0,0,0,0,0,0,0,0,0,0,0,0,0,0,0,0,0,0,0,0,0,0,0,0,0,0,0,0,0,0,0,0,0,0,0,0,0,0,15096827,15017971,30500920,30291040,30256452,30686162,30391160,30784058,30890016,30908509,30813710,0,0,0,0,0,2330260705050444,2330261253951522,2330261266707843,2330261266730070
14,transpose_rtc_tile32x32_dim2_dp_CI_CI_diag_aligned,0,0,39,3855767,3855767,524288000,1024,16384,0,12,0,32,64,0x7f5f707ff080,22146082,22146082,319488000,0,16384000,270336000,8192000,8192000,458752000,161987629,410768,411024,821632,820720,819888,818736,819120,817872,817888,817872,816480,0,0,0,0,0,20623173,20720146,41431666,41504633,41539803,41591434,41600107,41617133,41687771,41774355,41771456,0,0,0,0,0,4096000,4096004,4096000,4096000,4096000,4096000,4096000,4096000,4096000,4096003,4096002,4096000,4096000,4096000,4096000,4096000,4096001,4096000,4096000,4096000,4096000,4096000,4096000,4096000,4096000,4096000,4096000,4096000,4096000,4096004,4096000,4096000,0,0,0,0,0,0,0,0,0,0,0,0,0,0,0,0,0,0,0,0,0,0,0,0,0,0,0,0,0,0,0,0,0,0,0,0,0,0,0,0,0,0,0,0,0,0,0,0,0,0,0,0,0,0,0,0,0,0,0,0,0,0,0,0,0,0,0,0,0,0,0,0,0,0,0,0,0,0,0,0,0,0,0,0,0,0,0,0,0,0,0,0,0,0,0,0,3616047,3757613,7432367,7548361,7616021,7703589,7729611,7871105,7921791,8000525,8083202,0,0,0,0,0,2330260706156569,2330261267603880,2330261282356037,2330261282378626
15,_ZL39generate_random_interleaved_data_kernelI12input_val_1DImEdEvT_S2_mmS2_P14rocfft_complexIT0_ES2_mS2_m,0,0,41,3855767,3855767,524288000,8,0,0,16,0,32,64,0x7f5f707fef80,328217767,328217767,10420224000,0,0,10223616000,0,65536000,0,0,0,0,0,0,0,0,0,0,0,0,0,0,0,0,0,0,226621840,227157907,453850441,453755293,453921133,453707836,453854602,453734331,454063769,454008507,454008644,0,0,0,0,0,27,9,8,32,13,9,8,12,15,8,63,16,14,8,28,13,40,11,48,12,8,8,8,12,12,9,8,12,22,9,8,14,0,0,0,0,0,0,0,0,0,0,0,0,0,0,0,0,0,0,0,0,0,0,0,0,0,0,0,0,0,0,0,0,0,0,0,0,0,0,0,0,0,0,0,0,0,0,0,0,0,0,0,0,0,0,0,0,0,0,0,0,0,0,0,0,0,0,0,0,0,0,0,0,0,0,0,0,0,0,0,0,0,0,0,0,0,0,0,0,0,0,0,0,0,0,0,0,40029774,40596286,80686823,80586965,80747608,80543687,80718170,80614366,80974867,80880611,80904023,0,0,0,0,0,2330261283300310,2330261285020119,2330261503815649,2330261503851669
16,transpose_rtc_tile32x32_dim2_dp_CI_CI_diag_aligned,0,0,43,3855767,3855767,524288000,1024,16384,0,12,0,32,64,0x7f5f707fee80,22126521,22126521,319488000,0,16384000,270336000,8192000,8192000,458752000,167433896,410976,411088,821920,820896,819616,819872,819472,818064,817488,816240,816368,0,0,0,0,0,22538825,22678320,45184345,45263659,45415499,45451289,45383745,45506184,45582038,45493936,45387302,0,0,0,0,0,4096030,4096035,4096024,4096021,4096036,4096034,4096021,4096023,4096028,4096034,4096387,4096025,4096032,4096034,4096020,4096023,4096041,4096024,4096022,4096022,4096033,4096032,4096023,4096027,4096031,4096035,4096024,4096023,4096030,4096036,4096022,4096022,0,0,0,0,0,0,0,0,0,0,0,0,0,0,0,0,0,0,0,0,0,0,0,0,0,0,0,0,0,0,0,0,0,0,0,0,0,0,0,0,0,0,0,0,0,0,0,0,0,0,0,0,0,0,0,0,0,0,0,0,0,0,0,0,0,0,0,0,0,0,0,0,0,0,0,0,0,0,0,0,0,0,0,0,0,0,0,0,0,0,0,0,0,0,0,0,5378811,5503059,10877525,11044223,11213844,11238285,11238447,11418227,11502807,11437181,11366332,0,0,0,0,0,2330261285032057,2330261504722049,2330261519460769,2330261519493285
17,fft_rtc_fwd_len_512_factors_8_8_8_wgs_64_tpt_64_halfLds_dp_ip_CI_unitstride_sbrr_dirReg,0,0,44,3855767,3855767,65536000,64,4096,0,64,0,32,64,0x7f5f707fee00,19557721,19557721,324608000,0,49152000,324608000,22528000,8192000,262144000,60868309,1127544,1128072,2254868,2252888,2254010,2254362,2251546,2251612,2251062,2251788,2250248,0,0,0,0,0,69359838,70249016,139847948,140058237,140553285,140819491,141140177,141344478,141467996,141804624,141747435,0,0,0,0,0,4096006,4096004,4096009,4096008,4096008,4096014,4096006,4096005,4096013,4096005,4096005,4096004,4096008,4096004,4096006,4096014,4096010,4096004,4096005,4096023,4096009,4096004,4096004,4096008,4096009,4096004,4096004,4096007,4096008,4096004,4096008,4096021,0,0,0,0,0,0,0,0,0,0,0,0,0,0,0,0,0,0,0,0,0,0,0,0,0,0,0,0,0,0,0,0,0,0,0,0,0,0,0,0,0,0,0,0,0,0,0,0,0,0,0,0,0,0,0,0,0,0,0,0,0,0,0,0,0,0,0,0,0,0,0,0,0,0,0,0,0,0,0,0,0,0,0,0,0,0,0,0,0,0,0,0,0,0,0,0,11463992,12203355,23896780,23943994,24255344,24326678,24665276,24693412,24868763,25108640,25024731,0,0,0,0,0,2330261286251552,2330261520357569,2330261533383010,2330261533400993
18,transpose_rtc_tile32x32_dim2_dp_CI_CI_twd3step_fwd_diag_aligned,0,0,45,3855767,3855767,524288000,1024,16384,0,24,0,32,64,0x7f5f707fed80,22845375,22845375,491520000,0,16384000,442368000,32768000,8192000,458752000,29594713,1650304,1648064,3295232,3288128,3283584,3276800,3273216,3269696,3263616,3263040,3256320,0,0,0,0,0,66900703,66694811,133720867,133620973,133779566,133811562,133640289,133759517,133719121,133705477,133872643,0,0,0,0,0,4096028,4096028,4096040,4096027,4096036,4096032,4096040,4096028,4096040,4096028,4096433,4096028,4096028,4096029,4096040,4096040,4096029,4096028,4096040,4096032,4096042,4096028,4096044,4096028,4096040,4096028,4096043,4096028,4096028,4096028,4096040,4096028,0,0,0,0,0,0,0,0,0,0,0,0,0,0,0,0,0,0,0,0,0,0,0,0,0,0,0,0,0,0,0,0,0,0,0,0,0,0,0,0,0,0,0,0,0,0,0,0,0,0,0,0,0,0,0,0,0,0,0,0,0,0,0,0,0,0,0,0,0,0,0,0,0,0,0,0,0,0,0,0,0,0,0,0,0,0,0,0,0,0,0,0,0,0,0,0,2424630,2470424,5002751,5033754,5006735,5090567,5045803,5119626,5209648,5220967,5309170,0,0,0,0,0,2330261287468047,2330261534280290,2330261549498371,2330261549526451
19,fft_rtc_fwd_len_1024_factors_8_8_4_4_wgs_128_tpt_128_halfLds_dp_op_CI_CI_unitstride_sbrr_dirReg,0,0,46,3855767,3855767,65536000,128,8192,0,64,0,32,64,0x7f5f707fed00,19148197,19148197,397312000,0,73728000,397312000,24576000,8192000,262144000,196133953,1236144,1234368,2463792,2464032,2459232,2456832,2458416,2454432,2449920,2450304,2448528,0,0,0,0,0,66431901,66443993,132792568,132849565,132826617,133024302,132935181,132994403,132923352,132911584,132985393,0,0,0,0,0,4096010,4096012,4096010,4096012,4096011,4096009,4096008,4096015,4096008,4096013,4096010,4096013,4096012,4096012,4096008,4096016,4096013,4096013,4096008,4096012,4096008,4096013,4096010,4096012,4096008,4096009,4096008,4096016,4096009,4096012,4096008,4096012,0,0,0,0,0,0,0,0,0,0,0,0,0,0,0,0,0,0,0,0,0,0,0,0,0,0,0,0,0,0,0,0,0,0,0,0,0,0,0,0,0,0,0,0,0,0,0,0,0,0,0,0,0,0,0,0,0,0,0,0,0,0,0,0,0,0,0,0,0,0,0,0,0,0,0,0,0,0,0,0,0,0,0,0,0,0,0,0,0,0,0,0,0,0,0,0,15079291,15261917,30206695,30349265,30349701,30790267,30495466,30547258,30474333,30878060,30499289,0,0,0,0,0,2330261288653322,2330261550395331,2330261563145731,2330261563169309
20,transpose_rtc_tile32x32_dim2_dp_CI_CI_diag_aligned,0,0,47,3855767,3855767,524288000,1024,16384,0,12,0,32,64,0x7f5f707fec80,22142645,22142645,319488000,0,16384000,270336000,8192000,8192000,458752000,162110890,410880,411248,820880,820272,820304,819584,818176,818032,817808,817664,817152,0,0,0,0,0,20656957,20704484,41403702,41506085,41581099,41540106,41540680,41656079,41665371,41776981,41700061,0,0,0,0,0,4096000,4096004,4096000,4096000,4096000,4096000,4096000,4096000,4096000,4096000,4096002,4096000,4096000,4096000,4096000,4096000,4096002,4096000,4096000,4096000,4096000,4096000,4096002,4096000,4096000,4096000,4096000,4096000,4096000,4096005,4096000,4096000,0,0,0,0,0,0,0,0,0,0,0,0,0,0,0,0,0,0,0,0,0,0,0,0,0,0,0,0,0,0,0,0,0,0,0,0,0,0,0,0,0,0,0,0,0,0,0,0,0,0,0,0,0,0,0,0,0,0,0,0,0,0,0,0,0,0,0,0,0,0,0,0,0,0,0,0,0,0,0,0,0,0,0,0,0,0,0,0,0,0,0,0,0,0,0,0,3668707,3688218,7408928,7629091,7646022,7671970,7724083,7850151,7873091,8057700,7934703,0,0,0,0,0,2330261289776407,2330261564043940,2330261578793376,2330261578818265
21,_ZL39generate_random_interleaved_data_kernelI12input_val_1DImEdEvT_S2_mmS2_P14rocfft_complexIT0_ES2_mS2_m,0,0,49,3855767,3855767,524288000,8,0,0,16,0,32,64,0x7f5f707feb80,328217934,328217934,10420224000,0,0,10223616000,0,65536000,0,0,0,0,0,0,0,0,0,0,0,0,0,0,0,0,0,0,226580614,226830656,453606121,453433994,453522049,453404179,453810856,453430581,453589510,453574095,453766316,0,0,0,0,0,25,9,8,33,13,9,8,12,15,8,66,16,54,8,28,13,45,11,8,12,8,8,8,12,12,9,8,12,24,9,8,14,0,0,0,0,0,0,0,0,0,0,0,0,0,0,0,0,0,0,0,0,0,0,0,0,0,0,0,0,0,0,0,0,0,0,0,0,0,0,0,0,0,0,0,0,0,0,0,0,0,0,0,0,0,0,0,0,0,0,0,0,0,0,0,0,0,0,0,0,0,0,0,0,0,0,0,0,0,0,0,0,0,0,0,0,0,0,0,0,0,0,0,0,0,0,0,0,39950002,40200779,80380187,80210977,80315959,80181549,80591943,80226238,80406385,80383257,80564991,0,0,0,0,0,2330261579733189,2330261581293059,2330261800088587,2330261800126817
22,transpose_rtc_tile32x32_dim2_dp_CI_CI_diag_aligned,0,0,51,3855767,3855767,524288000,1024,16384,0,12,0,32,64,0x7f5f707fea80,22123698,22123698,319488000,0,16384000,270336000,8192000,8192000,458752000,167000714,410896,411776,821856,821408,820048,819040,818832,818256,817424,816752,815712,0,0,0,0,0,22713980,22669096,45486135,45435552,45519739,45550109,45506018,45601856,45619877,45655915,45508634,0,0,0,0,0,4096032,4096034,4096023,4096023,4096035,4096034,4096022,4096024,4096031,4096033,4096387,4096026,4096032,4096033,4096020,4096024,4096041,4096024,4096024,4096022,4096034,4096032,4096022,4096026,4096031,4096036,4096024,4096023,4096028,4096036,4096023,4096021,0,0,0,0,0,0,0,0,0,0,0,0,0,0,0,0,0,0,0,0,0,0,0,0,0,0,0,0,0,0,0,0,0,0,0,0,0,0,0,0,0,0,0,0,0,0,0,0,0,0,0,0,0,0,0,0,0,0,0,0,0,0,0,0,0,0,0,0,0,0,0,0,0,0,0,0,0,0,0,0,0,0,0,0,0,0,0,0,0,0,0,0,0,0,0,0,5530329,5500512,11211759,11193643,11334160,11359374,11371579,11442891,11561016,11630418,11509809,0,0,0,0,0,2330261581301185,2330261801001547,2330261815738507,2330261815758163
23,fft_rtc_fwd_len_512_factors_8_8_8_wgs_64_tpt_64_halfLds_dp_ip_CI_unitstride_sbrr_dirReg,0,0,52,3855767,3855767,65536000,64,4096,0,64,0,32,64,0x7f5f707fea00,19582903,19582903,324608000,0,49152000,324608000,22528000,8192000,262144000,60568816,1127962,1127896,2254076,2255242,2253504,2253262,2251656,2252602,2251040,2250688,2250072,0,0,0,0,0,70250061,69800654,140257040,140789381,141549979,141376822,141299916,141890470,142162046,142366029,142450245,0,0,0,0,0,4096006,4096007,4096009,4096007,4096010,4096005,4096004,4096005,4096008,4096005,4096004,4096007,4096008,4096004,4096006,4096016,4096008,4096004,4096004,4096016,4096008,4096004,4096004,4096004,4096013,4096009,4096004,4096007,4096008,4096004,4096010,4096016,0,0,0,0,0,0,0,0,0,0,0,0,0,0,0,0,0,0,0,0,0,0,0,0,0,0,0,0,0,0,0,0,0,0,0,0,0,0,0,0,0,0,0,0,0,0,0,0,0,0,0,0,0,0,0,0,0,0,0,0,0,0,0,0,0,0,0,0,0,0,0,0,0,0,0,0,0,0,0,0,0,0,0,0,0,0,0,0,0,0,0,0,0,0,0,0,12112058,11774312,24023580,24267320,24727502,24639932,24808484,25179572,25449014,25412031,25474893,0,0,0,0,0,2330261582452010,2330261816635467,2330261829677548,2330261829695342
24,transpose_rtc_tile32x32_dim2_dp_CI_CI_twd3step_fwd_diag_aligned,0,0,53,3855767,3855767,524288000,1024,16384,0,24,0,32,64,0x7f5f707fe980,22835747,22835747,491520000,0,16384000,442368000,32768000,8192000,458752000,29596924,1651072,1648896,3293376,3288000,3284352,3279872,3273216,3269824,3263680,3259904,3255808,0,0,0,0,0,66933190,66736096,133685401,133569253,133647482,133692637,133687142,133681749,133821630,133725657,133781138,0,0,0,0,0,4096028,4096028,4096040,4096027,4096038,4096032,4096040,4096028,4096040,4096028,4096433,4096028,4096028,4096029,4096040,4096040,4096029,4096028,4096040,4096032,4096043,4096028,4096044,4096028,4096040,4096028,4096040,4096028,4096028,4096028,4096040,4096028,0,0,0,0,0,0,0,0,0,0,0,0,0,0,0,0,0,0,0,0,0,0,0,0,0,0,0,0,0,0,0,0,0,0,0,0,0,0,0,0,0,0,0,0,0,0,0,0,0,0,0,0,0,0,0,0,0,0,0,0,0,0,0,0,0,0,0,0,0,0,0,0,0,0,0,0,0,0,0,0,0,0,0,0,0,0,0,0,0,0,0,0,0,0,0,0,2393358,2467279,4958208,4956054,4999331,5039092,5082135,5055596,5131827,5173076,5212205,0,0,0,0,0,2330261583627395,2330261830574828,2330261845786348,2330261845804130
25,fft_rtc_fwd_len_1024_factors_8_8_4_4_wgs_128_tpt_128_halfLds_dp_op_CI_CI_unitstride_sbrr_dirReg,0,0,54,3855767,3855767,65536000,128,8192,0,64,0,32,64,0x7f5f707fe900,19151486,19151486,397312000,0,73728000,397312000,24576000,8192000,262144000,195275025,1235808,1236336,2465952,2461152,2462448,2458320,2454480,2454096,2451888,2449392,2446128,0,0,0,0,0,66357887,66222358,132667790,132710888,132811024,132907806,132886043,132835540,132806602,132818303,132949100,0,0,0,0,0,4096008,4096012,4096008,4096012,4096011,4096008,4096012,4096015,4096008,4096015,4096010,4096016,4096012,4096013,4096008,4096013,4096013,4096013,4096008,4096012,4096008,4096013,4096008,4096012,4096010,4096009,4096008,4096016,4096009,4096014,4096008,4096012,0,0,0,0,0,0,0,0,0,0,0,0,0,0,0,0,0,0,0,0,0,0,0,0,0,0,0,0,0,0,0,0,0,0,0,0,0,0,0,0,0,0,0,0,0,0,0,0,0,0,0,0,0,0,0,0,0,0,0,0,0,0,0,0,0,0,0,0,0,0,0,0,0,0,0,0,0,0,0,0,0,0,0,0,0,0,0,0,0,0,0,0,0,0,0,0,15058309,14955550,30346461,30329168,30394922,30521671,30631272,30547449,30607153,30752897,30643781,0,0,0,0,0,2330261584774200,2330261846683468,2330261859437709,2330261859461218
26,transpose_rtc_tile32x32_dim2_dp_CI_CI_diag_aligned,0,0,55,3855767,3855767,524288000,1024,16384,0,12,0,32,64,0x7f5f707fe880,22142844,22142844,319488000,0,16384000,270336000,8192000,8192000,458752000,162823414,411136,411408,821056,820496,820128,819600,818352,818096,817648,817008,817072,0,0,0,0,0,20646927,20695958,41381021,41462113,41507558,41579157,41581820,41644042,41721594,41753156,41758562,0,0,0,0,0,4096000,4096004,4096000,4096000,4096000,4096000,4096000,4096000,4096000,4096000,4096002,4096000,4096000,4096000,4096003,4096000,4096001,4096000,4096000,4096000,4096000,4096000,4096000,4096000,4096000,4096000,4096000,4096000,4096000,4096005,4096000,4096000,0,0,0,0,0,0,0,0,0,0,0,0,0,0,0,0,0,0,0,0,0,0,0,0,0,0,0,0,0,0,0,0,0,0,0,0,0,0,0,0,0,0,0,0,0,0,0,0,0,0,0,0,0,0,0,0,0,0,0,0,0,0,0,0,0,0,0,0,0,0,0,0,0,0,0,0,0,0,0,0,0,0,0,0,0,0,0,0,0,0,0,0,0,0,0,0,3655149,3685736,7391189,7502631,7592323,7694416,7761560,7860109,7956094,8009958,8005931,0,0,0,0,0,2330261585856805,2330261860335413,2330261875083413,2330261875107203
27,_ZL39generate_random_interleaved_data_kernelI12input_val_1DImEdEvT_S2_mmS2_P14rocfft_complexIT0_ES2_mS2_m,0,0,57,3855767,3855767,524288000,8,0,0,16,0,32,64,0x7f5f707fe780,328217800,328217800,10420224000,0,0,10223616000,0,65536000,0,0,0,0,0,0,0,0,0,0,0,0,0,0,0,0,0,0,226727511,226771716,453603268,453547097,453710820,453555092,453947709,453573395,453896275,453648693,453722733,0,0,0,0,0,25,9,46,31,13,9,8,12,15,8,61,16,12,8,28,13,42,11,8,12,8,8,8,12,12,9,8,12,24,9,8,14,0,0,0,0,0,0,0,0,0,0,0,0,0,0,0,0,0,0,0,0,0,0,0,0,0,0,0,0,0,0,0,0,0,0,0,0,0,0,0,0,0,0,0,0,0,0,0,0,0,0,0,0,0,0,0,0,0,0,0,0,0,0,0,0,0,0,0,0,0,0,0,0,0,0,0,0,0,0,0,0,0,0,0,0,0,0,0,0,0,0,0,0,0,0,0,0,40108630,40148744,80390599,80326487,80518806,80322983,80783225,80377456,80733782,80479725,80557877,0,0,0,0,0,2330261876024907,2330261877520949,2330262096316446,2330262096352645
28,transpose_rtc_tile32x32_dim2_dp_CI_CI_diag_aligned,0,0,59,3855767,3855767,524288000,1024,16384,0,12,0,32,64,0x7f5f707fe680,22121902,22121902,319488000,0,16384000,270336000,8192000,8192000,458752000,166609415,411216,411536,821376,820848,819728,819872,818944,818800,816960,817216,815504,0,0,0,0,0,22647004,22691106,45500967,45388856,45504434,45451345,45477941,45521679,45569865,45503797,45647616,0,0,0,0,0,4096030,4096033,4096023,4096020,4096036,4096034,4096022,4096023,4096032,4096032,4096390,4096027,4096031,4096032,4096020,4096023,4096039,4096024,4096023,4096021,4096033,4096032,4096023,4096026,4096030,4096036,4096024,4096022,4096030,4096035,4096023,4096021,0,0,0,0,0,0,0,0,0,0,0,0,0,0,0,0,0,0,0,0,0,0,0,0,0,0,0,0,0,0,0,0,0,0,0,0,0,0,0,0,0,0,0,0,0,0,0,0,0,0,0,0,0,0,0,0,0,0,0,0,0,0,0,0,0,0,0,0,0,0,0,0,0,0,0,0,0,0,0,0,0,0,0,0,0,0,0,0,0,0,0,0,0,0,0,0,5526645,5519717,11269719,11179741,11368134,11293387,11328793,11385249,11533886,11465873,11678286,0,0,0,0,0,2330261877529903,2330262097223004,2330262111958683,2330262111979931
29,fft_rtc_fwd_len_512_factors_8_8_8_wgs_64_tpt_64_halfLds_dp_ip_CI_unitstride_sbrr_dirReg,0,0,60,3855767,3855767,65536000,64,4096,0,64,0,32,64,0x7f5f707fe600,19553996,19553996,324608000,0,49152000,324608000,22528000,8192000,262144000,61384945,1128622,1127214,2254978,2254340,2253526,2252646,2252448,2252008,2251304,2250512,2250402,0,0,0,0,0,70321195,68114510,138991584,139382926,139659263,139607739,139968139,140206040,140354969,140712989,141256821,0,0,0,0,0,4096007,4096004,4096010,4096010,4096008,4096008,4096004,4096005,4096010,4096007,4096004,4096004,4096009,4096004,4096007,4096013,4096008,4096007,4096006,4096030,4096008,4096004,4096004,4096004,4096008,4096004,4096006,4096007,4096008,4096004,4096008,4096023,0,0,0,0,0,0,0,0,0,0,0,0,0,0,0,0,0,0,0,0,0,0,0,0,0,0,0,0,0,0,0,0,0,0,0,0,0,0,0,0,0,0,0,0,0,0,0,0,0,0,0,0,0,0,0,0,0,0,0,0,0,0,0,0,0,0,0,0,0,0,0,0,0,0,0,0,0,0,0,0,0,0,0,0,0,0,0,0,0,0,0,0,0,0,0,0,12125507,10847921,23437127,23596218,24004952,23902398,24142194,24144751,24215657,24514648,24828037,0,0,0,0,0,2330261878671548,2330262112855643,2330262125878681,2330262125898050
30,transpose_rtc_tile32x32_dim2_dp_CI_CI_twd3step_fwd_diag_aligned,0,0,61,3855767,3855767,524288000,1024,16384,0,24,0,32,64,0x7f5f707fe580,22838045,22838045,491520000,0,16384000,442368000,32768000,8192000,458752000,29600559,1650688,1649472,3291840,3287168,3283776,3277696,3276416,3268224,3264000,3262464,3256256,0,0,0,0,0,66867525,66765430,133709210,133709332,133704991,133672313,133768464,133690657,133737825,133687992,133680194,0,0,0,0,0,4096028,4096028,4096040,4096028,4096036,4096032,4096040,4096028,4096040,4096028,4096436,4096028,4096028,4096029,4096040,4096040,4096029,4096028,4096040,4096032,4096042,4096028,4096044,4096028,4096040,4096028,4096040,4096028,4096028,4096028,4096040,4096028,0,0,0,0,0,0,0,0,0,0,0,0,0,0,0,0,0,0,0,0,0,0,0,0,0,0,0,0,0,0,0,0,0,0,0,0,0,0,0,0,0,0,0,0,0,0,0,0,0,0,0,0,0,0,0,0,0,0,0,0,0,0,0,0,0,0,0,0,0,0,0,0,0,0,0,0,0,0,0,0,0,0,0,0,0,0,0,0,0,0,0,0,0,0,0,0,2406160,2440719,4992862,5003536,5058112,5022048,5097831,5111260,5095885,5182368,5273404,0,0,0,0,0,2330261879828033,2330262126775801,2330262141988760,2330262142007808
31,fft_rtc_fwd_len_1024_factors_8_8_4_4_wgs_128_tpt_128_halfLds_dp_op_CI_CI_unitstride_sbrr_dirReg,0,0,62,3855767,3855767,65536000,128,8192,0,64,0,32,64,0x7f5f707fe500,19152290,19152290,397312000,0,73728000,397312000,24576000,8192000,262144000,196451943,1235952,1236864,2464272,2463504,2462640,2459520,2456832,2452128,2451120,2448144,2445024,0,0,0,0,0,66424918,66285268,132777825,132974403,132938120,132983611,132967071,133078319,133089787,132992837,133212662,0,0,0,0,0,4096008,4096014,4096008,4096012,4096011,4096008,4096008,4096015,4096006,4096013,4096010,4096014,4096013,4096012,4096008,4096013,4096015,4096013,4096012,4096012,4096008,4096013,4096008,4096012,4096008,4096009,4096008,4096016,4096009,4096012,4096008,4096012,0,0,0,0,0,0,0,0,0,0,0,0,0,0,0,0,0,0,0,0,0,0,0,0,0,0,0,0,0,0,0,0,0,0,0,0,0,0,0,0,0,0,0,0,0,0,0,0,0,0,0,0,0,0,0,0,0,0,0,0,0,0,0,0,0,0,0,0,0,0,0,0,0,0,0,0,0,0,0,0,0,0,0,0,0,0,0,0,0,0,0,0,0,0,0,0,15026816,15143488,30155166,30499394,30425001,30538252,30678187,30589423,30667101,30505430,30892937,0,0,0,0,0,2330261880958088,2330262142886200,2330262155640758,2330262155657585
32,transpose_rtc_tile32x32_dim2_dp_CI_CI_diag_aligned,0,0,63,3855767,3855767,524288000,1024,16384,0,12,0,32,64,0x7f5f707ff480,22146405,22146405,319488000,0,16384000,270336000,8192000,8192000,458752000,161855262,411504,411392,821072,820272,820528,819360,818720,818192,816912,817152,816896,0,0,0,0,0,20613598,20715869,41456526,41400377,41510065,41470371,41537361,41653982,41683413,41720281,41718106,0,0,0,0,0,4096000,4096004,4096000,4096000,4096000,4096000,4096000,4096000,4096000,4096000,4096002,4096000,4096001,4096000,4096000,4096000,4096003,4096000,4096000,4096000,4096000,4096000,4096000,4096000,4096000,4096000,4096000,4096000,4096000,4096005,4096000,4096000,0,0,0,0,0,0,0,0,0,0,0,0,0,0,0,0,0,0,0,0,0,0,0,0,0,0,0,0,0,0,0,0,0,0,0,0,0,0,0,0,0,0,0,0,0,0,0,0,0,0,0,0,0,0,0,0,0,0,0,0,0,0,0,0,0,0,0,0,0,0,0,0,0,0,0,0,0,0,0,0,0,0,0,0,0,0,0,0,0,0,0,0,0,0,0,0,3578743,3695361,7512435,7463143,7554456,7598817,7717065,7843285,7921514,7970114,8004436,0,0,0,0,0,2330261882034332,2330262156536978,2330262171289132,2330262171314441
33,_ZL39generate_random_interleaved_data_kernelI12input_val_1DImEdEvT_S2_mmS2_P14rocfft_complexIT0_ES2_mS2_m,0,0,65,3855767,3855767,524288000,8,0,0,16,0,32,64,0x7f5f707ff380,328217377,328217377,10420224000,0,0,10223616000,0,65536000,0,0,0,0,0,0,0,0,0,0,0,0,0,0,0,0,0,0,226959281,227119303,453750986,454114423,453815689,453976220,453888229,454041923,453971378,454094438,453868119,0,0,0,0,0,25,9,8,33,13,9,8,12,15,8,60,16,12,8,28,13,44,11,8,12,8,8,8,12,12,9,8,12,66,9,8,14,0,0,0,0,0,0,0,0,0,0,0,0,0,0,0,0,0,0,0,0,0,0,0,0,0,0,0,0,0,0,0,0,0,0,0,0,0,0,0,0,0,0,0,0,0,0,0,0,0,0,0,0,0,0,0,0,0,0,0,0,0,0,0,0,0,0,0,0,0,0,0,0,0,0,0,0,0,0,0,0,0,0,0,0,0,0,0,0,0,0,0,0,0,0,0,0,40383437,40537880,80571434,80962670,80658872,80813444,80745129,80913147,80856951,80991919,80763806,0,0,0,0,0,2330262172224495,2330262173763687,2330262392559195,2330262392597514
34,transpose_rtc_tile32x32_dim2_dp_CI_CI_diag_aligned,0,0,67,3855767,3855767,524288000,1024,16384,0,12,0,32,64,0x7f5f707ff280,22130031,22130031,319488000,0,16384000,270336000,8192000,8192000,458752000,167105907,411264,410832,821472,820336,820336,818784,818752,818688,818080,817232,816224,0,0,0,0,0,22666596,22680639,45351621,45384299,45482418,45508386,45523415,45485371,45535091,45567649,45546513,0,0,0,0,0,4096030,4096033,4096023,4096022,4096037,4096034,4096022,4096023,4096029,4096032,4096387,4096026,4096030,4096032,4096021,4096024,4096041,4096024,4096023,4096023,4096035,4096032,4096023,4096026,4096035,4096035,4096024,4096023,4096030,4096036,4096022,4096022,0,0,0,0,0,0,0,0,0,0,0,0,0,0,0,0,0,0,0,0,0,0,0,0,0,0,0,0,0,0,0,0,0,0,0,0,0,0,0,0,0,0,0,0,0,0,0,0,0,0,0,0,0,0,0,0,0,0,0,0,0,0,0,0,0,0,0,0,0,0,0,0,0,0,0,0,0,0,0,0,0,0,0,0,0,0,0,0,0,0,0,0,0,0,0,0,5519603,5590667,11132124,11167324,11305237,11389287,11377404,11387941,11474302,11545727,11551988,0,0,0,0,0,2330262173772441,2330262393465433,2330262408206713,2330262408232049
35,fft_rtc_fwd_len_512_factors_8_8_8_wgs_64_tpt_64_halfLds_dp_ip_CI_unitstride_sbrr_dirReg,0,0,68,3855767,3855767,65536000,64,4096,0,64,0,32,64,0x7f5f707ff200,19558148,19558148,324608000,0,49152000,324608000,22528000,8192000,262144000,61129056,1130096,1126444,2254032,2254274,2254098,2251480,2252360,2251304,2250622,2251810,2251480,0,0,0,0,0,70619099,67938216,138749489,139106625,139268557,139492958,139809026,139682915,140539507,140419478,140791184,0,0,0,0,0,4096008,4096004,4096011,4096009,4096008,4096005,4096004,4096005,4096009,4096005,4096006,4096008,4096008,4096004,4096006,4096016,4096010,4096004,4096004,4096033,4096013,4096004,4096004,4096004,4096008,4096007,4096004,4096007,4096008,4096006,4096010,4096016,0,0,0,0,0,0,0,0,0,0,0,0,0,0,0,0,0,0,0,0,0,0,0,0,0,0,0,0,0,0,0,0,0,0,0,0,0,0,0,0,0,0,0,0,0,0,0,0,0,0,0,0,0,0,0,0,0,0,0,0,0,0,0,0,0,0,0,0,0,0,0,0,0,0,0,0,0,0,0,0,0,0,0,0,0,0,0,0,0,0,0,0,0,0,0,0,12190229,10815122,23291869,23425324,23497527,23714693,23854848,24002623,24548187,24151042,24513414,0,0,0,0,0,2330262174936126,2330262409103673,2330262422129272,2330262422146168
36,transpose_rtc_tile32x32_dim2_dp_CI_CI_twd3step_fwd_diag_aligned,0,0,69,3855767,3855767,524288000,1024,16384,0,24,0,32,64,0x7f5f707ff180,22845409,22845409,491520000,0,16384000,442368000,32768000,8192000,458752000,29590954,1651008,1646976,3293248,3289792,3283328,3279296,3274624,3268928,3265664,3257664,3257472,0,0,0,0,0,66877275,66742367,133811516,133734219,133655565,133787246,133803161,133982775,133822490,133855449,133811166,0,0,0,0,0,4096028,4096028,4096040,4096027,4096036,4096032,4096040,4096028,4096041,4096028,4096433,4096028,4096028,4096029,4096040,4096040,4096029,4096028,4096040,4096032,4096044,4096028,4096044,4096028,4096040,4096028,4096040,4096028,4096028,4096028,4096040,4096028,0,0,0,0,0,0,0,0,0,0,0,0,0,0,0,0,0,0,0,0,0,0,0,0,0,0,0,0,0,0,0,0,0,0,0,0,0,0,0,0,0,0,0,0,0,0,0,0,0,0,0,0,0,0,0,0,0,0,0,0,0,0,0,0,0,0,0,0,0,0,0,0,0,0,0,0,0,0,0,0,0,0,0,0,0,0,0,0,0,0,0,0,0,0,0,0,2383375,2487634,4946087,5038231,4986642,5102878,5122544,5148079,5156911,5280074,5306701,0,0,0,0,0,2330262176085851,2330262423026552,2330262438244631,2330262438271366
37,fft_rtc_fwd_len_1024_factors_8_8_4_4_wgs_128_tpt_128_halfLds_dp_op_CI_CI_unitstride_sbrr_dirReg,0,0,70,3855767,3855767,65536000,128,8192,0,64,0,32,64,0x7f5f707ff100,19143318,19143318,397312000,0,73728000,397312000,24576000,8192000,262144000,195099188,1236576,1234560,2464896,2463072,2458464,2460240,2458608,2457024,2449824,2448096,2444640,0,0,0,0,0,66284994,66323085,132621560,132662959,132702429,132877320,132899493,132916338,132979471,132958300,132998159,0,0,0,0,0,4096008,4096012,4096008,4096012,4096011,4096012,4096009,4096013,4096006,4096014,4096010,4096013,4096012,4096012,4096010,4096013,4096013,4096013,4096008,4096012,4096008,4096013,4096008,4096012,4096008,4096009,4096008,4096016,4096009,4096012,4096015,4096016,0,0,0,0,0,0,0,0,0,0,0,0,0,0,0,0,0,0,0,0,0,0,0,0,0,0,0,0,0,0,0,0,0,0,0,0,0,0,0,0,0,0,0,0,0,0,0,0,0,0,0,0,0,0,0,0,0,0,0,0,0,0,0,0,0,0,0,0,0,0,0,0,0,0,0,0,0,0,0,0,0,0,0,0,0,0,0,0,0,0,0,0,0,0,0,0,15047690,15032268,30475434,30389230,30415783,30410863,30602338,30695327,30754558,30856737,30775354,0,0,0,0,0,2330262177229896,2330262439141911,2330262451890710,2330262451906843
38,transpose_rtc_tile32x32_dim2_dp_CI_CI_diag_aligned,0,0,71,3855767,3855767,524288000,1024,16384,0,12,0,32,64,0x7f5f707ff080,22151541,22151541,319488000,0,16384000,270336000,8192000,8192000,458752000,162675407,411136,411040,821296,821024,820064,819312,818464,818608,817392,816896,816768,0,0,0,0,0,20658829,20716025,41501817,41521680,41513250,41645946,41627320,41689835,41661461,41723844,41779915,0,0,0,0,0,4096000,4096004,4096000,4096000,4096000,4096000,4096000,4096000,4096000,4096000,4096002,4096000,4096000,4096000,4096000,4096000,4096001,4096000,4096003,4096000,4096000,4096000,4096000,4096000,4096000,4096000,4096000,4096000,4096000,4096005,4096000,4096000,0,0,0,0,0,0,0,0,0,0,0,0,0,0,0,0,0,0,0,0,0,0,0,0,0,0,0,0,0,0,0,0,0,0,0,0,0,0,0,0,0,0,0,0,0,0,0,0,0,0,0,0,0,0,0,0,0,0,0,0,0,0,0,0,0,0,0,0,0,0,0,0,0,0,0,0,0,0,0,0,0,0,0,0,0,0,0,0,0,0,0,0,0,0,0,0,3590907,3708797,7521063,7528961,7587276,7753557,7795257,7900246,7913936,7981323,8072427,0,0,0,0,0,2330262178300990,2330262452786995,2330262467542190,2330262467574219
