func,N,batch,is_warmup,iters,plan_ms,first_ms,min_ms,mean_ms,max_ms,per_tf_ms,check,err_a,err_b
z2z_1d,32768,1,1,50,1.89214,0.06656,0.029696,0.0366797,0.336896,0.029696,PASS,6.66134e-16,1.24424e-15
d2z_1d,32768,1,1,50,9.44589,0.098304,0.0768,0.0781722,0.080896,0.0768,PASS,2.22045e-16,-1
z2d_1d,32768,1,1,50,9.50596,0.36352,0.078848,0.0797082,0.083968,0.078848,PASS,1.77636e-15,-1
z2z_1d,65536,1,1,50,0.656508,0.0512,0.0256,0.0266445,0.027648,0.0256,PASS,6.66134e-16,1.30794e-15
d2z_1d,65536,1,1,50,1.53511,0.0512,0.029696,0.0309658,0.036864,0.029696,PASS,2.22045e-16,-1
z2d_1d,65536,1,1,50,1.69659,0.052224,0.028672,0.0300032,0.037888,0.028672,PASS,1.62833e-15,-1
z2z_1d,131072,1,1,50,0.633041,0.054272,0.029696,0.0305152,0.031744,0.029696,PASS,5.55112e-16,1.37431e-15
d2z_1d,131072,1,1,50,1.84856,0.057344,0.027648,0.0295526,0.033792,0.027648,PASS,2.22045e-16,-1
z2d_1d,131072,1,1,50,2.06004,0.053248,0.027648,0.028119,0.029696,0.027648,PASS,1.62833e-15,-1
z2z_1d,262144,1,1,50,0.577727,0.058368,0.034816,0.0356352,0.036864,0.034816,PASS,6.66134e-16,1.49215e-15
d2z_1d,262144,1,1,50,1.8371,0.059392,0.034816,0.0357581,0.037888,0.034816,PASS,2.22045e-16,-1
z2d_1d,262144,1,1,50,1.55802,0.059392,0.033792,0.0344064,0.034816,0.033792,PASS,1.85037e-15,-1
z2z_1d,524288,1,1,50,3.24371,0.079872,0.055296,0.0649421,0.415744,0.055296,PASS,5.55112e-16,1.54821e-15
d2z_1d,524288,1,1,50,1.40912,0.06144,0.04096,0.0416973,0.043008,0.04096,PASS,2.22045e-16,-1
z2d_1d,524288,1,1,50,1.94047,0.063488,0.04096,0.0421274,0.045056,0.04096,PASS,2.07242e-15,-1
z2z_1d,1048576,1,1,50,0.586947,0.152576,0.135168,0.138486,0.216064,0.135168,PASS,6.66134e-16,1.70035e-15
d2z_1d,1048576,1,1,50,1.7343,0.099328,0.072704,0.073728,0.0768,0.072704,PASS,2.22045e-16,-1
z2d_1d,1048576,1,1,50,1.98237,0.099328,0.072704,0.0733798,0.075776,0.072704,PASS,2.22045e-15,-1
