Index,KernelName,gpu-id,queue-id,queue-index,pid,tid,grd,wgr,lds,scr,arch_vgpr,accum_vgpr,sgpr,wave_size,sig,GRBM_COUNT,GRBM_GUI_ACTIVE,SQ_ACTIVE_INST_VALU,SQ_INSTS_FLAT_LDS_ONLY,SQ_INSTS_LDS,SQ_INSTS_VALU,SQ_INSTS_VMEM_RD,SQ_INSTS_VMEM_WR,SQ_LDS_BANK_CONFLICT,SQ_WAIT_INST_LDS,TA_FLAT_READ_WAVEFRONTS[0],TA_FLAT_READ_WAVEFRONTS[1],TA_FLAT_READ_WAVEFRONTS[2],TA_FLAT_READ_WAVEFRONTS[3],TA_FLAT_READ_WAVEFRONTS[4],TA_FLAT_READ_WAVEFRONTS[5],TA_FLAT_READ_WAVEFRONTS[6],TA_FLAT_READ_WAVEFRONTS[7],TA_FLAT_READ_WAVEFRONTS[8],TA_FLAT_READ_WAVEFRONTS[9],TA_FLAT_READ_WAVEFRONTS[10],TA_FLAT_READ_WAVEFRONTS[11],TA_FLAT_READ_WAVEFRONTS[12],TA_FLAT_READ_WAVEFRONTS[13],TA_FLAT_READ_WAVEFRONTS[14],TA_FLAT_READ_WAVEFRONTS[15],TA_TA_BUSY[0],TA_TA_BUSY[1],TA_TA_BUSY[2],TA_TA_BUSY[3],TA_TA_BUSY[4],TA_TA_BUSY[5],TA_TA_BUSY[6],TA_TA_BUSY[7],TA_TA_BUSY[8],TA_TA_BUSY[9],TA_TA_BUSY[10],TA_TA_BUSY[11],TA_TA_BUSY[12],TA_TA_BUSY[13],TA_TA_BUSY[14],TA_TA_BUSY[15],TCC_EA_WRREQ_STALL[0],TCC_EA_WRREQ_STALL[1],TCC_EA_WRREQ_STALL[2],TCC_EA_WRREQ_STALL[3],TCC_EA_WRREQ_STALL[4],TCC_EA_WRREQ_STALL[5],TCC_EA_WRREQ_STALL[6],TCC_EA_WRREQ_STALL[7],TCC_EA_WRREQ_STALL[8],TCC_EA_WRREQ_STALL[9],TCC_EA_WRREQ_STALL[10],TCC_EA_WRREQ_STALL[11],TCC_EA_WRREQ_STALL[12],TCC_EA_WRREQ_STALL[13],TCC_EA_WRREQ_STALL[14],TCC_EA_WRREQ_STALL[15],TCC_EA1_WRREQ_STALL[0],TCC_EA1_WRREQ_STALL[1],TCC_EA1_WRREQ_STALL[2],TCC_EA1_WRREQ_STALL[3],TCC_EA1_WRREQ_STALL[4],TCC_EA1_WRREQ_STALL[5],TCC_EA1_WRREQ_STALL[6],TCC_EA1_WRREQ_STALL[7],TCC_EA1_WRREQ_STALL[8],TCC_EA1_WRREQ_STALL[9],TCC_EA1_WRREQ_STALL[10],TCC_EA1_WRREQ_STALL[11],TCC_EA1_WRREQ_STALL[12],TCC_EA1_WRREQ_STALL[13],TCC_EA1_WRREQ_STALL[14],TCC_EA1_WRREQ_STALL[15],TCC_HIT[0],TCC_HIT[1],TCC_HIT[2],TCC_HIT[3],TCC_HIT[4],TCC_HIT[5],TCC_HIT[6],TCC_HIT[7],TCC_HIT[8],TCC_HIT[9],TCC_HIT[10],TCC_HIT[11],TCC_HIT[12],TCC_HIT[13],TCC_HIT[14],TCC_HIT[15],TCC_MISS[0],TCC_MISS[1],TCC_MISS[2],TCC_MISS[3],TCC_MISS[4],TCC_MISS[5],TCC_MISS[6],TCC_MISS[7],TCC_MISS[8],TCC_MISS[9],TCC_MISS[10],TCC_MISS[11],TCC_MISS[12],TCC_MISS[13],TCC_MISS[14],TCC_MISS[15],TCP_TCP_TA_DATA_STALL_CYCLES[0],TCP_TCP_TA_DATA_STALL_CYCLES[1],TCP_TCP_TA_DATA_STALL_CYCLES[2],TCP_TCP_TA_DATA_STALL_CYCLES[3],TCP_TCP_TA_DATA_STALL_CYCLES[4],TCP_TCP_TA_DATA_STALL_CYCLES[5],TCP_TCP_TA_DATA_STALL_CYCLES[6],TCP_TCP_TA_DATA_STALL_CYCLES[7],TCP_TCP_TA_DATA_STALL_CYCLES[8],TCP_TCP_TA_DATA_STALL_CYCLES[9],TCP_TCP_TA_DATA_STALL_CYCLES[10],TCP_TCP_TA_DATA_STALL_CYCLES[11],TCP_TCP_TA_DATA_STALL_CYCLES[12],TCP_TCP_TA_DATA_STALL_CYCLES[13],TCP_TCP_TA_DATA_STALL_CYCLES[14],TCP_TCP_TA_DATA_STALL_CYCLES[15],DispatchNs,BeginNs,EndNs,CompleteNs
0,twiddle_gen_N_dp,0,1,0,847,847,32768,32,0,0,32,0,16,64,0x0,82819,82819,487787,0,0,95232,0,1024,0,0,0,0,0,0,0,0,0,0,0,0,0,0,0,0,0,0,1740,6370,6497,7209,6989,6022,5133,5904,6157,6197,5976,3446,5392,5713,5726,5425,0,0,0,0,0,0,0,0,0,0,0,0,0,0,0,0,0,0,0,0,0,0,0,0,0,0,0,0,0,0,0,0,92,0,92,0,0,92,0,23,0,0,23,46,92,0,23,0,516,512,516,512,512,516,512,561,512,512,514,514,517,512,514,603,1139,4197,4297,4958,4753,3688,2979,3615,3949,3728,3623,1721,3193,3287,3548,3029,1319539795486788,1319539799307462,1319539799321542,1319539799339931
1,twiddle_gen_radices_dp,0,1,2,847,847,2048,1024,0,0,32,0,64,64,0x0,47282,47282,42522,0,0,10176,96,96,0,0,0,0,0,0,0,0,0,0,48,0,0,0,0,0,48,0,0,0,0,0,0,0,0,0,3123,0,0,0,0,0,3060,0,0,0,0,0,0,0,0,0,0,0,0,0,0,0,0,0,0,0,0,0,0,0,0,0,0,0,0,0,0,0,0,0,13,9,10,10,9,13,13,19,11,13,9,11,13,9,14,9,8,4,4,4,5,8,8,14,6,9,4,5,10,4,9,7,0,0,0,0,0,0,0,0,804,0,0,0,0,0,763,0,1319539932362982,1319539933626184,1319539933647304,1319539933656953
2,twiddle_gen_large_dp,0,1,4,847,847,2048,1024,0,0,32,0,32,64,0x0,25576,25576,1700,0,0,468,0,4,0,0,0,0,0,0,0,0,0,0,0,0,0,0,0,0,0,0,0,647,0,0,0,0,0,0,0,0,0,0,657,0,0,0,0,0,0,0,0,0,0,0,0,0,0,0,0,0,0,0,0,0,0,0,0,0,0,0,0,0,0,0,0,0,0,0,4,0,4,0,0,4,0,1,0,0,1,1,4,0,2,0,8,6,4,4,0,8,4,7,4,4,1,5,6,4,7,7,0,570,0,0,0,0,0,0,0,0,0,0,580,0,0,0,1319540049654580,1319540050777552,1319540050782832,1319540050793031
3,twiddle_gen_radices_dp,0,1,6,847,847,2048,1024,0,0,32,0,64,64,0x0,53920,53920,48554,0,0,11456,96,112,0,0,0,0,0,0,0,0,0,0,0,48,0,0,0,0,0,48,0,0,0,0,0,0,0,0,0,4009,0,0,0,0,0,3041,0,0,0,0,0,0,0,0,0,0,0,0,0,0,0,0,0,0,0,0,0,0,0,0,0,0,0,0,0,0,0,0,13,12,9,9,7,14,14,22,11,15,9,10,14,9,13,11,8,4,4,4,4,8,8,14,6,7,4,5,10,4,9,9,0,0,0,0,0,0,0,0,0,988,0,0,0,0,0,751,1319540051600202,1319540052740067,1319540052765506,1319540052770623
4,_ZL39generate_random_interleaved_data_kernelI12input_val_1DImEdEvT_S2_mmS2_P14rocfft_complexIT0_ES2_mS2_m,0,0,21,847,847,65537024,8,0,0,36,0,32,64,0x0,56822408,56822408,3399744595,0,0,2244642277,0,16384250,0,0,0,0,0,0,0,0,0,0,0,0,0,0,0,0,0,0,11897083,47349450,44572656,46426314,48998079,53754864,52981243,50415508,52269025,55261738,47103984,40396868,56993655,53646529,49853807,53893263,543,794,30,699,768,768,775,899,258,785,762,419,360,915,750,904,799,768,914,773,468,758,578,608,798,654,769,821,925,632,875,73,1024108,1024016,1024108,1024016,1024104,1024108,1024108,1024062,1024016,1024016,1024106,1024062,1024108,1024016,1024108,1024016,1024610,1024123,1024149,1024179,1024107,1024380,1024819,1024932,1024720,1024136,1024148,1026421,1024227,1025403,1024799,1024390,1780889,7023211,6536891,6965983,7406759,8489205,8238519,7713171,8156217,8691705,7119560,6463586,9062096,8435878,7647439,8453108,1319540058790818,1319540059966785,1319540096568205,1319540096599589
5,_ZL47impose_hermitian_symmetry_interleaved_1D_kernelI14rocfft_complexIdEEvPT_mmmmb,0,0,22,847,847,1000,8,0,0,8,0,32,64,0x0,20171,20171,2250,0,0,1625,0,125,0,0,0,0,0,0,0,0,0,0,0,0,0,0,0,0,0,0,901,3981,3870,2511,1382,1649,1586,969,839,2575,3027,2702,3097,2783,3254,3425,0,0,0,0,0,0,0,0,0,0,0,0,0,0,0,0,0,0,0,0,0,0,0,0,0,0,0,0,0,0,0,0,0,0,0,0,0,0,0,115,0,46,0,0,0,0,0,0,126,64,64,64,48,90,128,69,128,66,56,128,64,64,129,64,821,3661,3550,2191,1062,1329,1266,649,519,2223,2675,2462,2777,2463,2918,3105,1319540059994899,1319540096693963,1319540096697963,1319540097147390
6,c2r_even_pre_Ndiv4_dim1_dp_CI_CI,0,0,23,847,847,65536000,256,0,0,24,0,32,64,0x0,4627421,4627421,127940764,0,0,65050000,1539000,1538000,0,0,25968,102003,102828,102684,104730,101211,102510,102558,104577,101382,101676,77112,104403,101424,101898,102036,4512688,18379244,18346568,18332653,18177542,18378568,18329808,18352708,18175637,18374082,18353691,13711731,18191559,18374490,18291347,18304840,13692,23051,15351,34688,14022,13123,12473,1370953,22732,13717,14246,13605,23384,8647,11802,8205,19288,21485,20652,34910,19770,14300,15695,681392,24381,13068,16673,9072,50057,10245,12755,14323,952201,943778,947011,1203819,953650,946766,955205,1188293,1207800,949232,946855,947798,1200064,949706,948869,952530,2140368,2148823,2146256,2145217,2136693,2145656,2138098,2162320,2141170,2143971,2144433,2144561,2148747,2143404,2143880,2140022,3072858,11831929,11898295,11928194,12259505,12156528,11763499,12162204,12318788,12133008,12177329,9048611,12245146,11909422,12131959,12209118,1319540061301200,1319540096815400,1319540099739814,1319540099743112
7,fft_rtc_back_len_256_factors_4_4_4_4_wgs_256_tpt_64_dim_2_dp_op_CI_CI_sbcc_twdbase6_3step_dirReg,0,0,24,847,847,16384000,256,19456,0,60,0,32,64,0x0,8370897,8370897,347754013,0,9408000,73024000,3520000,1024000,59176000,13402369,59895,233695,233640,235400,237875,233585,233915,234300,237930,233365,233970,175505,236885,232595,233145,234300,4799873,19526393,19564481,19448053,19267767,19635443,19631677,19523790,19207234,19617523,19562618,14599758,19233983,19689812,19687212,19529697,1337,1054,791,1093,1024,936,784,1766,736,789,986,966,1159,960,585,959,704,1264,773,1707,1424,697,729,1753,1026,1073,957,833,747,446,750,944,162551,133108,98442,161814,73949,161891,162483,202236,162457,133177,98442,162157,98588,161814,162643,140218,2048008,2048012,2048008,2048016,2048007,2048012,2048008,2048014,2048008,2048015,2048008,2048012,2048007,2048017,2048012,2048012,1350600,5874806,5946677,5754582,5563759,5929179,5988144,5850022,5570655,5950134,5871259,4369176,5622912,6041567,5961875,5857752,1319540062533091,1319540099859012,1319540105156973,1319540105160607
8,fft_rtc_back_len_256_factors_8_8_4_wgs_256_tpt_32_dim_2_dp_op_CI_CI_unitstride_sbrc_aligned_dirReg,0,0,25,847,847,8192000,256,32768,0,68,0,32,64,0x0,5586108,5586108,211231852,0,6144000,39552000,2688000,1024000,57344000,19277196,45528,177324,178500,179424,181272,178584,177576,178836,182028,178836,178164,134484,181944,177996,178332,179172,2940918,11845571,11816016,11819191,11690417,11928436,11863666,11908601,11717530,11944356,11939181,8906254,11820181,11998498,11972437,11982023,5792,3559,3884,6765,4966,5636,5640,7117,4638,7292,3021,5237,4533,6886,5511,8688,3223,4806,3362,4876,3199,4982,4809,5481,5712,5147,2198,5280,4109,6298,5007,6720,117340,137445,117450,116684,58442,116771,116938,140122,116692,134152,117342,116714,117392,116780,117172,125851,2048008,2048010,2048008,2048009,2048006,2048007,2048004,2048010,2048004,2048009,2048008,2048004,2048008,2048008,2048008,2048008,1158844,4836218,4773060,4752217,4585456,4862975,4864274,4823573,4562314,4851866,4867858,3599668,4643194,4913952,4900744,4848166,1319540063750952,1319540105278890,1319540108810011,1319540108814020
9,_ZL39generate_random_interleaved_data_kernelI12input_val_1DImEdEvT_S2_mmS2_P14rocfft_complexIT0_ES2_mS2_m,0,0,26,847,847,65537024,8,0,0,36,0,32,64,0x0,56810386,56810386,3399736322,0,0,2244642277,0,16384250,0,0,0,0,0,0,0,0,0,0,0,0,0,0,0,0,0,0,17853251,58594190,58514370,55924201,63081165,51902540,57716654,50181236,58533025,58556609,60771014,40156344,55335657,60938386,54906094,58593174,630,798,708,693,751,717,785,498,161,648,799,372,696,546,258,762,839,708,736,792,395,774,518,811,787,712,724,801,757,798,814,577,1024108,1024062,1024108,1024016,1024104,1024108,1024108,1024016,1024016,1024016,1024106,1024062,1024108,1024016,1024108,1024016,1024020,1024018,1024020,1024016,1024016,1024020,1024044,1024016,1024016,1024016,1024018,1024018,1024020,1024016,1024020,1024016,2859458,8988522,8937716,8416197,9881363,7708321,8998239,7395995,9002374,8989392,9372609,6014043,8317976,9399431,8298831,9027545,1319540065021203,1319540108929987,1319540144924861,1319540144932090
10,_ZL47impose_hermitian_symmetry_interleaved_1D_kernelI14rocfft_complexIdEEvPT_mmmmb,0,0,27,847,847,1000,8,0,0,8,0,32,64,0x0,19060,19060,2250,0,0,1625,0,125,0,0,0,0,0,0,0,0,0,0,0,0,0,0,0,0,0,0,201,823,824,835,839,841,823,947,1102,1088,1095,871,1150,1162,1102,1195,0,0,0,0,0,0,0,0,0,0,0,0,0,0,0,0,0,0,0,0,0,0,0,0,0,0,0,0,0,0,0,0,0,0,0,0,0,0,0,92,0,46,0,0,0,0,0,23,64,64,64,64,48,64,64,68,64,66,56,64,64,64,88,65,121,503,504,515,519,521,503,611,766,768,775,631,814,826,782,859,1319540066265774,1319540145044217,1319540145047577,1319540145481720
11,c2r_even_pre_Ndiv4_dim1_dp_CI_CI,0,0,29,847,847,65536000,256,0,0,24,0,32,64,0x0,4627362,4627362,127942136,0,0,65050000,1539000,1538000,0,0,26124,101805,102570,102864,104592,101271,102576,103137,104322,101754,102369,76494,103932,101172,101658,102360,4545505,18361040,18307289,18256994,18096156,18302451,18286062,18276812,18192369,18351637,18344447,13733195,18055745,18338791,18285669,18300561,9737,16292,12799,26441,11680,12666,13088,1075029,19148,7896,10074,10028,20122,8048,8470,10004,13959,18221,21530,24764,15720,14832,12992,1030164,25093,6882,16239,9621,42951,8190,8366,6826,951517,942752,946478,1204094,953261,947861,954297,1187421,1207272,948387,946824,947798,1200065,949491,947908,952297,2140791,2149641,2146164,2144685,2137018,2144817,2138448,2163084,2141708,2144323,2144740,2144599,2148782,2143075,2144815,2140021,3126925,12000243,12000273,11837554,12316039,11850936,11979338,11884579,12288189,11691520,11906908,8982493,12267385,12031939,12151185,12094642,1319540067571505,1319540145172854,1319540148098229,1319540148101612
12,fft_rtc_back_len_256_factors_4_4_4_4_wgs_256_tpt_64_dim_2_dp_op_CI_CI_sbcc_twdbase6_3step_dirReg,0,0,30,847,847,16384000,256,19456,0,60,0,32,64,0x0,8375123,8375123,347754734,0,9408000,73024000,3520000,1024000,59176000,13418415,59345,234245,234355,235125,236995,233585,233860,235070,237380,232980,234080,176165,236610,233200,232760,234245,4822586,19599971,19501078,19478765,19266142,19621337,19566590,19486430,19231611,19652044,19564595,14655734,19279026,19682271,19625184,19547059,1221,886,912,704,782,1053,1455,889,584,843,1191,1520,916,1108,1051,464,1200,1045,769,875,652,1415,1349,989,819,859,1191,1523,1193,708,862,792,162390,133127,98308,161758,73866,161828,162411,202192,162421,133150,98308,162122,98441,161710,162482,140137,2048008,2048012,2048008,2048015,2048007,2048012,2048008,2048014,2048008,2048013,2048008,2048012,2048007,2048015,2048012,2048012,1379412,5832225,5871042,5779165,5588397,5959181,5898798,5803444,5589235,6010654,5958769,4332853,5578405,6002564,5965179,5850375,1319540068884836,1319540148217746,1319540153520827,1319540153524097
13,fft_rtc_back_len_256_factors_8_8_4_wgs_256_tpt_32_dim_2_dp_op_CI_CI_unitstride_sbrc_aligned_dirReg,0,0,31,847,847,8192000,256,32768,0,68,0,32,64,0x0,5601947,5601947,211226817,0,6144000,39552000,2688000,1024000,57344000,19124641,45612,177828,177576,178416,181608,178752,178332,179340,182532,178416,178332,134484,181776,177912,177996,179088,2940992,11998355,11908934,11920092,11770225,12045423,11912754,11991230,11794467,11975822,11957018,8951004,11824218,12099029,12000684,12052664,5974,10128,4828,6918,7323,11814,5747,11842,7275,10670,3186,14127,6277,10723,6087,9922,6567,11802,6749,10628,7566,14372,8689,13823,6592,10429,4856,10379,7508,5964,7424,9160,116876,136439,116882,116300,58746,116309,116352,139869,116306,134138,116772,116236,116882,116342,116628,124452,2048008,2048008,2048008,2048010,2048006,2048007,2048008,2048013,2048008,2048009,2048008,2048004,2048008,2048008,2048012,2048009,1155130,4947735,4906612,4855466,4627217,4932411,4877812,4867929,4594412,4911979,4893700,3603545,4646380,4974603,4952335,4893899,1319540070131827,1319540153640824,1319540157181385,1319540157184620
14,_ZL39generate_random_interleaved_data_kernelI12input_val_1DImEdEvT_S2_mmS2_P14rocfft_complexIT0_ES2_mS2_m,0,0,33,847,847,65537024,8,0,0,36,0,32,64,0x0,56832008,56832008,3399744034,0,0,2244642277,0,16384250,0,0,0,0,0,0,0,0,0,0,0,0,0,0,0,0,0,0,17346245,50128727,57461041,50933059,46905763,52020852,47533948,56218619,51743498,53555655,53826777,42166030,52374492,56929255,55421129,53182417,603,797,0,725,771,789,804,896,182,777,798,445,383,927,783,915,814,761,901,783,443,783,514,703,803,735,763,798,911,564,875,23,1024108,1024016,1024108,1024016,1024104,1024108,1024108,1024016,1024016,1024016,1024106,1024062,1024108,1024062,1024108,1024016,1024289,1024378,1024292,1024359,1024276,1024390,1024512,1024690,1025041,1024388,1024216,1026031,1024264,1024890,1024165,1024463,2857933,7633056,9240376,7765364,6899663,7952595,7080487,8935186,7984275,8365522,8345073,6635342,8094068,8988303,8725923,8373217,1319540157347780,1319540159002144,1319540195029657,1319540195058362
15,_ZL47impose_hermitian_symmetry_interleaved_1D_kernelI14rocfft_complexIdEEvPT_mmmmb,0,0,34,847,847,1000,8,0,0,8,0,32,64,0x0,26370,26370,2250,0,0,1625,0,125,0,0,0,0,0,0,0,0,0,0,0,0,0,0,0,0,0,0,931,2032,1968,2292,1554,1450,1567,857,837,841,850,639,1427,2096,2059,2021,0,0,0,0,0,0,0,0,0,0,0,0,0,0,0,0,0,0,0,0,0,0,0,0,0,0,0,0,0,0,0,0,0,0,0,0,0,0,0,92,0,46,0,0,0,23,0,0,88,64,64,64,48,66,70,68,128,66,80,128,64,65,65,64,835,1712,1648,1956,1234,1130,1247,537,517,521,530,399,1091,1760,1723,1701,1319540158990892,1319540195156694,1319540195164214,1319540195617202
16,c2r_even_pre_Ndiv4_dim1_dp_CI_CI,0,0,36,847,847,65536000,256,0,0,24,0,32,64,0x0,4621200,4621200,127944707,0,0,65050000,1539000,1538000,0,0,26097,101418,102102,102348,104865,102174,102684,102219,104136,101859,102609,76380,104610,101547,102087,101865,4562263,18342351,18333278,18314274,18190059,18296190,18317145,18348239,18167439,18328111,18329203,13752219,18161280,18320312,18308584,18333853,12238,20823,13482,31006,13828,11973,11377,1259155,24087,11945,12080,9726,18511,8841,12431,8390,12994,13356,22300,34357,17278,12663,12997,768248,31817,8806,9748,9967,44060,12842,11645,9011,952425,943174,947910,1204029,953979,947359,955155,1188558,1206747,948944,947870,948459,1201132,949991,949463,953159,2140372,2149709,2145239,2144867,2136610,2145384,2138332,2161652,2142052,2144258,2144006,2144043,2148265,2143129,2143710,2139318,3143709,12014664,11988002,12285088,12190993,11851538,11902179,12115419,12236656,11656685,12091466,9102786,12058699,11973680,11983728,12221021,1319540160248213,1319540195292211,1319540198209906,1319540198213314
17,fft_rtc_back_len_256_factors_4_4_4_4_wgs_256_tpt_64_dim_2_dp_op_CI_CI_sbcc_twdbase6_3step_dirReg,0,0,37,847,847,16384000,256,19456,0,60,0,32,64,0x0,8365355,8365355,347754075,0,9408000,73024000,3520000,1024000,59176000,13435360,59290,233585,233970,234520,237655,234465,233475,234905,237160,233255,233750,176000,236830,233475,233145,234520,4823840,19559784,19587857,19527246,19200220,19542421,19563215,19441097,19240700,19610024,19579620,14548603,19286868,19624995,19564888,19488507,1140,798,841,876,1499,1274,1052,799,490,1351,1187,639,1190,1482,1139,579,1670,726,1472,1209,805,1098,1731,961,852,1082,787,1028,1267,915,1365,1237,162491,133216,98421,161810,73862,161973,162513,202222,162510,133239,98421,162222,98516,161810,162583,140353,2048008,2048012,2048008,2048016,2048007,2048014,2048008,2048014,2048009,2048013,2048008,2048012,2048007,2048017,2048012,2048012,1385633,5901284,5903356,5820571,5550045,5835063,5951202,5788600,5535655,5897469,5927553,4344619,5601118,5927535,5932585,5909633,1319540161532804,1319540198332303,1319540203626105,1319540203629499
18,fft_rtc_back_len_256_factors_8_8_4_wgs_256_tpt_32_dim_2_dp_op_CI_CI_unitstride_sbrc_aligned_dirReg,0,0,38,847,847,8192000,256,32768,0,68,0,32,64,0x0,5594588,5594588,211228720,0,6144000,39552000,2688000,1024000,57344000,19283400,45276,177996,177744,178668,181944,177576,178080,178836,182112,178584,177912,134736,182280,178500,178164,179592,2914895,11848423,11921953,11896985,11753510,11896671,11907525,11917648,11708935,12032419,11944640,8965936,11885774,12042174,11969643,12071441,4250,12655,5577,12337,6750,7812,6525,14837,8597,7019,3197,8244,3081,9637,9662,10944,8304,12488,9192,7705,5993,8281,7112,10094,8685,7339,3577,8232,3845,6978,5035,10399,117216,137254,117226,116530,58420,116687,116786,140022,116558,134197,117134,116694,117220,116670,117024,125738,2048008,2048008,2048008,2048009,2048006,2048007,2048008,2048012,2048006,2048009,2048008,2048006,2048008,2048008,2048010,2048008,1132607,4831040,4914616,4842178,4625032,4889232,4867093,4816493,4561805,4914936,4905136,3585369,4681978,4915419,4893739,4906644,1319540162803535,1319540203746582,1319540207285703,1319540207288932
19,_ZL39generate_random_interleaved_data_kernelI12input_val_1DImEdEvT_S2_mmS2_P14rocfft_complexIT0_ES2_mS2_m,0,0,40,847,847,65537024,8,0,0,36,0,32,64,0x0,56831769,56831769,3399747319,0,0,2244642277,0,16384250,0,0,0,0,0,0,0,0,0,0,0,0,0,0,0,0,0,0,13607710,55183058,56737711,60268805,53665418,57495362,55098859,53397196,61698094,55494987,57588860,39217125,55928094,55066813,54006366,52009302,648,782,0,770,772,809,805,916,236,773,786,404,231,896,685,927,822,779,935,785,510,799,547,726,848,721,747,836,909,589,879,45,1024108,1024016,1024108,1024016,1024104,1024108,1024108,1024016,1024016,1024016,1024106,1024108,1024108,1024016,1024108,1024016,1024143,1024308,1024184,1024391,1024201,1024385,1024301,1024593,1024557,1024302,1024210,1025521,1024149,1024838,1024145,1024462,2134883,8773435,8987577,9645357,8276610,9138731,8613160,8327358,10055516,8857693,9129087,6023121,8933145,8633269,8426407,7947978,1319540207446902,1319540209000718,1319540245029034,1319540245062703
20,_ZL47impose_hermitian_symmetry_interleaved_1D_kernelI14rocfft_complexIdEEvPT_mmmmb,0,0,41,847,847,1000,8,0,0,8,0,32,64,0x0,20685,20685,2250,0,0,1625,0,125,0,0,0,0,0,0,0,0,0,0,0,0,0,0,0,0,0,0,1046,1666,1626,831,836,843,839,851,836,2453,2396,1883,2831,1594,2347,2370,0,0,0,0,0,0,0,0,0,0,0,0,0,0,0,0,0,0,0,0,0,0,0,0,0,0,0,0,0,0,0,0,0,0,0,0,0,0,0,92,23,46,0,0,0,0,0,0,88,88,64,64,48,66,70,68,129,66,56,128,64,64,65,64,966,1346,1306,511,516,523,519,531,516,2101,2076,1643,2495,1274,2011,2034,1319540208987663,1319540245156230,1319540245160070,1319540245597234
21,c2r_even_pre_Ndiv4_dim1_dp_CI_CI,0,0,43,847,847,65536000,256,0,0,24,0,32,64,0x0,4615969,4615969,127940828,0,0,65050000,1539000,1538000,0,0,25776,101568,102336,102249,104721,101361,102057,102735,105081,101193,102036,76977,104622,101592,102318,102378,4533576,18321293,18307785,18312136,18265051,18336334,18342697,18303525,18251014,18330365,18307901,13737858,18244149,18351379,18315489,18312377,17843,23703,15666,43937,15504,12715,14571,1310184,27407,12569,13944,8521,23069,9945,12942,9974,15554,16782,17815,30063,17925,20443,11943,755477,32018,12234,15712,13380,41749,13291,14199,10408,952050,943014,946847,1204780,953326,947481,954895,1189115,1207049,948600,946741,947139,1199679,950635,947650,951868,2139981,2149434,2145924,2144042,2136367,2144893,2138157,2160859,2141653,2144255,2144646,2144411,2149034,2142285,2144660,2140037,3195540,11856055,11872861,11975725,12264083,11787575,11888711,11881550,11957890,12109329,11810404,8806211,12153636,11780642,11790147,12104873,1319540210188564,1319540245287747,1319540248201762,1319540248204586
22,fft_rtc_back_len_256_factors_4_4_4_4_wgs_256_tpt_64_dim_2_dp_op_CI_CI_sbcc_twdbase6_3step_dirReg,0,0,44,847,847,16384000,256,19456,0,60,0,32,64,0x0,8376776,8376776,347756210,0,9408000,73024000,3520000,1024000,59176000,13409267,59290,233805,234135,234795,237380,233970,233970,234630,236390,233640,233695,176385,236995,233420,233090,234410,4741124,19619228,19584598,19529309,19251641,19667949,19549568,19485376,19293888,19655828,19627304,14620777,19326027,19579369,19566049,19502995,847,877,758,942,771,1068,1502,437,1039,632,1384,782,606,1159,345,335,1369,920,1069,748,711,1361,1115,874,1145,810,1445,967,666,1080,1205,957,162431,133229,98390,161802,73927,161879,162461,202339,162402,133252,98390,162133,98479,161802,162523,140281,2048008,2048012,2048008,2048016,2048007,2048012,2048010,2048014,2048008,2048013,2048008,2048012,2048007,2048017,2048012,2048012,1381197,5901568,5871312,5783747,5574346,5927118,5910825,5816224,5652379,5888277,6033411,4347804,5710281,5953353,5996994,5937657,1319540211434075,1319540248324960,1319540253625321,1319540253628900
23,fft_rtc_back_len_256_factors_8_8_4_wgs_256_tpt_32_dim_2_dp_op_CI_CI_unitstride_sbrc_aligned_dirReg,0,0,45,847,847,8192000,256,32768,0,68,0,32,64,0x0,5604132,5604132,211229825,0,6144000,39552000,2688000,1024000,57344000,19258069,45192,177996,178584,179592,181608,177408,178416,179424,181944,177996,177828,134568,182196,177996,177492,179760,2948396,11917602,11947343,11896511,11759127,11964371,12042502,12024811,11772251,11990428,12067011,8973622,11906076,12037432,12031506,12078985,5008,11665,2719,10404,4642,6891,4985,8639,8751,11414,7905,3979,5027,5517,5738,6003,8105,17675,2866,11965,5723,7103,3582,7168,7592,8714,8593,4268,4460,6299,7163,5308,116888,137469,116954,116358,58210,116455,116602,140086,116376,134219,116840,116388,116920,116480,116726,125740,2048008,2048008,2048008,2048009,2048006,2048007,2048008,2048014,2048004,2048009,2048008,2048004,2048008,2048008,2048008,2048008,1177869,4829371,4902470,4798284,4651503,4925948,4969405,4871494,4597191,4923604,5000213,3598295,4683632,4925394,4934430,4896409,1319540212752856,1319540253745959,1319540257290360,1319540257293414
24,_ZL39generate_random_interleaved_data_kernelI12input_val_1DImEdEvT_S2_mmS2_P14rocfft_complexIT0_ES2_mS2_m,0,0,47,847,847,65537024,8,0,0,36,0,32,64,0x0,56832050,56832050,3399742862,0,0,2244642277,0,16384250,0,0,0,0,0,0,0,0,0,0,0,0,0,0,0,0,0,0,15206275,55459960,51271294,54149674,56990262,53174464,52085126,57134882,56171998,55458264,51009878,39560327,49670144,50170669,49058405,55223268,423,744,17,675,760,821,819,921,332,815,803,385,418,906,812,902,819,786,891,743,394,825,548,786,816,797,787,824,890,721,891,0,1024108,1024016,1024108,1024016,1024104,1024108,1024108,1024016,1024016,1024016,1024106,1024062,1024108,1024016,1024154,1024016,1024204,1024160,1024188,1024271,1024167,1024286,1024318,1024564,1024654,1024177,1024158,1026083,1024174,1024636,1024160,1024285,2526081,8669057,7916652,8453253,8981649,8149526,7992704,9012628,8847465,8750840,7879641,6027775,7598013,7550027,7388367,8542343,1319540257452534,1319540258995281,1319540295022797,1319540295050685
25,_ZL47impose_hermitian_symmetry_interleaved_1D_kernelI14rocfft_complexIdEEvPT_mmmmb,0,0,48,847,847,1000,8,0,0,8,0,32,64,0x0,20173,20173,2250,0,0,1625,0,125,0,0,0,0,0,0,0,0,0,0,0,0,0,0,0,0,0,0,201,810,819,2573,2548,3232,3261,2361,1628,887,866,677,1605,1905,1449,1575,0,0,0,0,0,0,0,0,0,0,0,0,0,0,0,0,0,0,0,0,0,0,0,0,0,0,0,0,0,0,0,0,0,0,0,0,0,0,0,92,0,46,0,0,0,0,23,0,88,64,64,64,48,90,68,68,128,66,56,128,64,64,66,64,121,490,499,2221,2212,2896,2941,2041,1308,567,546,437,1269,1585,1129,1255,1319540258982385,1319540295149834,1319540295153354,1319540295583386
26,c2r_even_pre_Ndiv4_dim1_dp_CI_CI,0,0,50,847,847,65536000,256,0,0,24,0,32,64,0x0,4637957,4637957,127940101,0,0,65050000,1539000,1538000,0,0,25992,101643,102267,102390,104760,100842,102216,102495,104613,101241,102270,76782,105081,101781,102135,102492,4534206,18356880,18281667,18298089,18160872,18397195,18320673,18270893,18115039,18385306,18337268,13786760,18265843,18416475,18286391,18306636,16738,19832,17734,32527,15639,13281,13460,1492959,21068,10495,8241,11755,26499,10110,12153,9371,13447,14789,23343,34280,16102,11107,14912,638841,29199,10408,13596,11025,46645,10400,8022,9790,951429,943586,947936,1203485,953958,947247,954572,1186812,1206789,949531,947102,947286,1199539,950017,948100,952984,2141040,2149262,2145276,2145433,2136407,2145249,2138736,2163186,2141958,2144012,2144513,2145436,2149162,2143438,2144712,2139652,3201467,11864574,11984590,12036480,12289337,12151097,12126066,11936347,12238761,12043678,12261424,9042474,12264523,11902247,12038293,12070767,1319540260226676,1319540295281032,1319540298209766,1319540298212808
27,fft_rtc_back_len_256_factors_4_4_4_4_wgs_256_tpt_64_dim_2_dp_op_CI_CI_sbcc_twdbase6_3step_dirReg,0,0,51,847,847,16384000,256,19456,0,60,0,32,64,0x0,8368633,8368633,347753683,0,9408000,73024000,3520000,1024000,59176000,13434398,59345,234465,233970,235235,236775,234465,233750,235345,237105,233090,233310,175945,237270,233310,232485,234135,4795374,19501699,19603572,19468303,19286116,19504007,19577138,19405713,19305074,19619917,19610047,14584644,19241199,19600597,19635593,19557748,989,1389,875,1252,929,935,726,1202,817,1327,1457,505,880,1317,1109,447,723,1153,1102,1004,904,862,686,1103,901,1017,1171,899,769,427,1372,764,162641,133262,98537,161869,74038,161987,162546,202710,162556,133285,98537,162287,98646,161869,162687,140201,2048010,2048012,2048008,2048015,2048007,2048012,2048008,2048014,2048008,2048013,2048008,2048012,2048007,2048016,2048012,2048012,1383671,5812712,5942591,5816262,5616548,5863605,5933538,5740007,5660786,5934056,5975866,4393309,5584245,5967900,5989941,5890006,1319540261490667,1319540298332483,1319540303628525,1319540303631802
28,fft_rtc_back_len_256_factors_8_8_4_wgs_256_tpt_32_dim_2_dp_op_CI_CI_unitstride_sbrc_aligned_dirReg,0,0,52,847,847,8192000,256,32768,0,68,0,32,64,0x0,5596240,5596240,211233053,0,6144000,39552000,2688000,1024000,57344000,19327410,45108,178416,178248,179256,182364,177576,178500,178836,181524,177408,178752,134988,182196,177744,178332,178752,2889807,11939059,11868113,11919591,11722745,11965000,11886197,11915187,11731280,11957805,12000875,8976034,11830377,11972274,11997082,11974225,4100,9033,4649,9864,2338,7778,3057,5215,10989,6511,5207,7126,6388,4413,7703,7398,4888,8377,2347,5498,2938,6052,4005,5330,7201,3189,5221,5663,6903,5723,8374,5995,117408,137318,117382,116614,58542,116709,116836,140018,116610,134036,117260,116632,117438,116720,117158,125643,2048008,2048008,2048008,2048009,2048006,2048007,2048008,2048012,2048006,2048009,2048008,2048004,2048010,2048008,2048008,2048008,1144086,4874830,4840592,4835124,4611921,4897319,4816819,4811505,4626454,4906538,4945715,3629395,4647353,4872688,4926204,4831294,1319540262759728,1319540303749002,1319540307288923,1319540307292275
29,_ZL39generate_random_interleaved_data_kernelI12input_val_1DImEdEvT_S2_mmS2_P14rocfft_complexIT0_ES2_mS2_m,0,0,54,847,847,65537024,8,0,0,36,0,32,64,0x0,56831341,56831341,3399745729,0,0,2244642277,0,16384250,0,0,0,0,0,0,0,0,0,0,0,0,0,0,0,0,0,0,14570901,54588109,55768514,56765060,56158200,54326977,52382405,51270315,47083804,53973178,48157980,39869784,51542452,49597664,54365499,52854772,200,816,30,753,739,798,805,906,191,787,802,388,193,916,774,886,796,741,862,723,570,756,578,762,838,738,731,797,896,603,836,96,1024108,1024016,1024108,1024016,1024104,1024108,1024108,1024016,1024016,1024016,1024106,1024062,1024154,1024016,1024108,1024016,1024243,1024322,1024262,1024329,1024350,1024371,1024293,1024695,1024527,1024331,1024322,1025570,1024224,1024792,1024202,1024482,2365624,8524892,8763930,8970446,8854471,8469753,8129505,7823396,7054322,8585098,7233608,6176024,7958103,7538697,8480195,8289735,1319540307448145,1319540309014931,1319540345042278,1319540345077557
30,_ZL47impose_hermitian_symmetry_interleaved_1D_kernelI14rocfft_complexIdEEvPT_mmmmb,0,0,55,847,847,1000,8,0,0,8,0,32,64,0x0,26773,26773,2250,0,0,1625,0,125,0,0,0,0,0,0,0,0,0,0,0,0,0,0,0,0,0,0,202,1358,819,826,1414,1464,1463,2246,1519,1471,2194,1183,2171,2137,1449,1475,0,0,0,0,0,0,0,0,0,0,0,0,0,0,0,0,0,0,0,0,0,0,0,0,0,0,0,0,0,0,0,0,0,0,23,0,0,0,0,92,0,46,0,0,0,0,0,0,112,64,65,64,48,66,70,68,128,66,56,128,64,64,65,64,122,1038,499,506,1078,1144,1143,1910,1199,1151,1858,943,1835,1801,1129,1155,1319540309001887,1319540345169474,1319540345176994,1319540345600427
31,c2r_even_pre_Ndiv4_dim1_dp_CI_CI,0,0,57,847,847,65536000,256,0,0,24,0,32,64,0x0,4630347,4630347,127941563,0,0,65050000,1539000,1538000,0,0,26100,101595,102414,102285,105153,101220,101907,102645,104577,101499,102486,76953,104457,101223,102264,102222,4494196,18385530,18332444,18320736,18149978,18368918,18364217,18308584,18207678,18396428,18350042,13762249,18199114,18351136,18379078,18315088,10332,15812,15147,34918,16138,9642,13043,1207677,25425,9079,10466,12210,25688,9483,10879,9175,11240,13787,13479,30164,18723,14868,12507,972285,23012,8125,11795,7310,39147,7477,10450,8336,951608,942690,947422,1203810,953369,946052,954548,1187850,1207361,948174,947020,947013,1200550,950223,947663,951936,2140888,2149647,2145847,2145454,2136627,2146250,2138651,2162519,2141887,2144793,2144247,2145057,2148761,2143111,2144953,2140063,3071147,12030860,12014860,11994662,12283043,11881733,12119666,12175125,12180970,12005886,11953555,9053161,12220850,11921742,12062139,12156002,1319540310224628,1319540345305151,1319540348230045,1319540348234639
32,fft_rtc_back_len_256_factors_4_4_4_4_wgs_256_tpt_64_dim_2_dp_op_CI_CI_sbcc_twdbase6_3step_dirReg,0,0,58,847,847,16384000,256,19456,0,60,0,32,64,0x0,8368994,8368994,347754551,0,9408000,73024000,3520000,1024000,59176000,13418970,59510,233805,233860,235290,236830,233530,234080,234960,237490,233145,233640,176110,236555,232815,233860,234520,4816169,19564856,19586347,19402191,19296019,19581434,19555371,19400895,19266490,19564729,19605128,14628381,19346508,19580459,19598649,19498675,1125,1223,2882,1092,717,847,1022,1016,1294,1655,1389,1663,1245,900,273,554,1051,1040,2809,1252,760,1015,1254,1663,1208,1078,1108,876,1209,793,1467,1008,162477,133165,98389,161823,73911,161920,162432,202405,162432,133188,98435,162140,98525,161822,162569,140255,2048008,2048012,2048008,2048014,2048007,2048012,2048008,2048014,2048008,2048013,2048010,2048012,2048007,2048016,2048012,2048012,1392451,5858386,5920131,5718736,5592040,5960620,5856595,5812882,5604390,5912148,5895785,4299724,5626052,5988648,5944060,5811581,1319540311473279,1319540348351323,1319540353647363,1319540353650794
33,fft_rtc_back_len_256_factors_8_8_4_wgs_256_tpt_32_dim_2_dp_op_CI_CI_unitstride_sbrc_aligned_dirReg,0,0,59,847,847,8192000,256,32768,0,68,0,32,64,0x0,5589846,5589846,211229515,0,6144000,39552000,2688000,1024000,57344000,19300358,45276,177828,178836,177828,182196,177324,178080,178920,182196,177408,178752,134400,183120,177996,178500,179340,2920160,11979822,11876773,11860798,11731278,11960026,11878678,11888655,11717590,11957982,11914403,8934976,11847045,11996673,11951258,12041116,3311,6230,6767,9608,8169,7711,5300,9456,5594,6502,3685,6395,6543,6176,7110,6830,2663,5831,3957,7726,6883,7553,3867,6820,5050,5123,4272,6982,2963,6476,5328,8435,117140,137429,117186,116576,58492,116725,116750,140279,116654,134406,117102,116640,117162,116736,116920,125625,2048008,2048008,2048008,2048009,2048006,2048007,2048008,2048013,2048004,2048009,2048010,2048004,2048008,2048008,2048008,2048008,1143120,4931787,4851130,4823064,4604486,4895314,4879382,4806130,4541580,4894644,4844897,3620212,4592721,4875383,4867053,4867555,1319540312797030,1319540353767680,1319540357302641,1319540357306217
34,_ZL39generate_random_interleaved_data_kernelI12input_val_1DImEdEvT_S2_mmS2_P14rocfft_complexIT0_ES2_mS2_m,0,0,61,847,847,65537024,8,0,0,36,0,32,64,0x0,56831505,56831505,3399746618,0,0,2244642277,0,16384250,0,0,0,0,0,0,0,0,0,0,0,0,0,0,0,0,0,0,14625984,47954433,56324805,52595435,47560663,45349920,49225813,43863243,48611302,50803295,50789383,35113194,46876147,52050802,53199055,45647460,751,794,33,719,789,818,803,892,281,759,794,475,402,913,721,935,791,747,915,784,357,804,532,839,821,756,759,831,887,634,854,15,1024108,1024016,1024108,1024016,1024150,1024108,1024108,1024016,1024016,1024016,1024106,1024062,1024108,1024016,1024108,1024016,1024186,1024252,1024130,1024153,1024196,1024334,1024428,1024543,1024743,1024226,1024154,1025545,1024156,1024719,1024305,1024288,2360974,7149300,8893580,8091804,7067288,6561255,7516906,6330076,7385939,7807678,7706406,5162175,6936597,8072425,8287674,6683902,1319540357464657,1319540359006122,1319540395031710,1319540395646889
35,_ZL47impose_hermitian_symmetry_interleaved_1D_kernelI14rocfft_complexIdEEvPT_mmmmb,0,0,62,847,847,1000,8,0,0,8,0,32,64,0x0,26394,26394,2250,0,0,1625,0,125,0,0,0,0,0,0,0,0,0,0,0,0,0,0,0,0,0,0,202,809,813,823,825,1524,1492,2147,2061,1503,2087,2005,2060,2072,1443,1426,0,0,0,0,0,0,0,0,0,0,0,0,0,0,0,0,0,0,0,0,0,0,0,0,0,0,0,0,0,0,0,0,0,0,0,0,23,0,0,92,0,46,0,0,0,0,0,0,88,64,64,64,73,66,70,68,128,66,56,128,64,64,65,64,122,489,493,503,505,1188,1172,1811,1741,1183,1751,1749,1724,1752,1123,1106,1319540358991818,1319540395158747,1319540395166267,1319540396783090
36,c2r_even_pre_Ndiv4_dim1_dp_CI_CI,0,0,64,847,847,65536000,256,0,0,24,0,32,64,0x0,4612668,4612668,127941537,0,0,65050000,1539000,1538000,0,0,26103,101739,102663,102432,104499,101880,101763,103032,104316,101502,101892,76632,104295,101202,102033,103017,4554060,18292240,18290433,18262623,18198265,18299183,18287068,18269683,18146351,18293655,18255878,13697008,18224227,18274168,18271626,18238631,11813,18903,13828,34737,12214,11503,10857,1296552,22514,13821,13731,9647,20557,11867,10803,12330,14791,15585,18820,33416,19229,16106,13252,681495,31277,8743,15161,8282,50105,10311,10246,8249,952530,944396,947520,1204962,954466,948344,955033,1190545,1207729,950053,948533,948633,1200573,951110,949169,953687,2139971,2148116,2145172,2143756,2135788,2144128,2137549,2160070,2140850,2143117,2142928,2143486,2148272,2141751,2143272,2138643,3150443,11727511,11702335,11986427,12284810,11767239,11966129,11789183,12272889,11814290,11816911,8954277,12205084,11802840,11821720,11772024,1319540360226279,1319540395293784,1319540398206678,1319540398209941
37,fft_rtc_back_len_256_factors_4_4_4_4_wgs_256_tpt_64_dim_2_dp_op_CI_CI_sbcc_twdbase6_3step_dirReg,0,0,65,847,847,16384000,256,19456,0,60,0,32,64,0x0,8375196,8375196,347756106,0,9408000,73024000,3520000,1024000,59176000,13475924,59510,234025,234245,235180,236775,233640,233860,234905,237105,233365,233365,176110,236775,233145,233365,234630,4810205,19597104,19601969,19514226,19313689,19625387,19620758,19506105,19325675,19611795,19622367,14608378,19288097,19678262,19608216,19484336,905,2128,670,883,870,788,1086,1092,739,1312,759,1190,955,813,900,750,780,1316,990,998,756,1063,935,944,1085,1175,842,680,1343,770,1053,1057,162589,133212,98527,161907,74000,161968,162567,202694,162519,133235,98527,162242,98638,161906,162681,140293,2048008,2048012,2048008,2048015,2048007,2048012,2048008,2048016,2048008,2048013,2048008,2048012,2048007,2048017,2048012,2048012,1379717,5899782,5840700,5841765,5577299,5894581,5904667,5815444,5667759,5968674,5977347,4353593,5652949,5997795,6007257,5882313,1319540361492541,1319540398329075,1319540403628956,1319540403632816
38,fft_rtc_back_len_256_factors_8_8_4_wgs_256_tpt_32_dim_2_dp_op_CI_CI_unitstride_sbrc_aligned_dirReg,0,0,66,847,847,8192000,256,32768,0,68,0,32,64,0x0,5600323,5600323,211227545,0,6144000,39552000,2688000,1024000,57344000,19305074,45528,177660,178248,178836,182028,177660,178164,179256,182112,178248,177576,133980,182448,178416,178164,179676,2992589,11923025,11953430,11922600,11742012,11956037,11946455,11945424,11846479,11956480,12046150,8935945,11805323,12064975,12014190,12066250,5965,6611,3200,8585,7539,11141,7140,6735,8320,5344,4431,5742,4045,8363,7109,5708,8989,4151,2516,7817,6733,6765,6311,7916,8229,5060,7253,6399,4581,7011,3945,6146,117402,136413,117402,116724,59090,116813,116814,139878,116720,134263,117336,116762,117404,116836,117210,124508,2048008,2048008,2048008,2048009,2048006,2048007,2048006,2048010,2048004,2048011,2048008,2048004,2048008,2048008,2048008,2048008,1203639,4899776,4887210,4829093,4584244,4919497,4894217,4829368,4643624,4879559,4981425,3633077,4617310,4929779,4913102,4880869,1319540362760742,1319540403749433,1319540407291593,1319540407294999
39,_ZL39generate_random_interleaved_data_kernelI12input_val_1DImEdEvT_S2_mmS2_P14rocfft_complexIT0_ES2_mS2_m,0,0,68,847,847,65537024,8,0,0,36,0,32,64,0x0,56831167,56831167,3399741051,0,0,2244642277,0,16384250,0,0,0,0,0,0,0,0,0,0,0,0,0,0,0,0,0,0,16248071,53109506,54421245,51886938,51026425,44065718,50963370,51295781,50913566,51598321,48916025,35671537,52505287,50540950,55357764,50937082,586,772,0,696,763,714,822,910,189,768,826,387,346,944,701,905,828,797,898,765,421,810,545,732,834,702,806,812,882,713,901,33,1024108,1024016,1024108,1024016,1024104,1024108,1024108,1024016,1024016,1024062,1024106,1024062,1024108,1024016,1024108,1024016,1024306,1024384,1024285,1024305,1024306,1024373,1024408,1024668,1024760,1024315,1024288,1026064,1024269,1024855,1024309,1024452,2746532,8112417,8431233,7875358,7731591,6343922,7781772,7968202,7683261,7823864,7356834,5227544,8035318,7713469,8670537,7722894,1319540407512419,1319540409251820,1319540445373732,1319540445407411
40,_ZL47impose_hermitian_symmetry_interleaved_1D_kernelI14rocfft_complexIdEEvPT_mmmmb,0,0,69,847,847,1000,8,0,0,8,0,32,64,0x0,20189,20189,2250,0,0,1625,0,125,0,0,0,0,0,0,0,0,0,0,0,0,0,0,0,0,0,0,806,2032,2262,1595,1829,2551,1605,1530,1635,842,847,642,858,1755,2378,2457,0,0,0,0,0,0,0,0,0,0,0,0,0,0,0,0,0,0,0,0,0,0,0,0,0,0,0,0,0,0,0,0,0,23,0,0,0,0,0,92,0,46,0,0,0,0,0,0,88,65,64,64,48,66,66,68,128,66,56,128,64,64,65,88,726,1712,1926,1275,1509,2215,1285,1210,1315,522,527,402,538,1419,2042,2121,1319540409243160,1319540445500288,1319540445504128,1319540445933311
41,c2r_even_pre_Ndiv4_dim1_dp_CI_CI,0,0,71,847,847,65536000,256,0,0,24,0,32,64,0x0,4620313,4620313,127938934,0,0,65050000,1539000,1538000,0,0,25920,101511,101826,102378,105177,101760,102042,102756,105120,101427,102732,76644,104532,101046,102015,102114,4507344,18331024,18248509,18271780,18111896,18310951,18297318,18241472,18145139,18281732,18187120,13745309,18136819,18296594,18297147,18191650,12586,21138,15331,32674,13924,14694,12303,1144704,24076,8071,10595,12294,24385,10972,12439,10932,12289,14589,21408,38272,14210,16599,15087,947757,25967,9486,17107,13509,48657,10410,10691,9169,952130,943506,947638,1203488,952962,946869,954946,1188211,1206823,949663,947335,947638,1200034,949665,948793,952797,2139647,2148870,2145046,2144618,2136691,2145283,2137834,2161724,2141368,2143446,2143935,2144149,2148533,2143093,2143563,2139116,3114089,11712640,11947168,11958716,11920390,11665723,12047462,11813997,12002870,11688261,11559898,8970683,12128788,11898868,11819269,11875669,1319540410498061,1319540445629086,1319540448549500,1319540448553083
42,fft_rtc_back_len_256_factors_4_4_4_4_wgs_256_tpt_64_dim_2_dp_op_CI_CI_sbcc_twdbase6_3step_dirReg,0,0,72,847,847,16384000,256,19456,0,60,0,32,64,0x0,8377327,8377327,347755564,0,9408000,73024000,3520000,1024000,59176000,13421377,59400,234300,233915,234575,237600,234080,233420,235015,237270,233530,233365,176385,236775,232320,233475,234575,4780120,19573629,19590059,19476223,19273972,19559641,19604346,19497355,19294311,19572786,19575799,14661821,19294107,19720160,19606516,19577094,1002,1329,1161,767,1486,1251,1111,717,1460,605,925,693,881,1401,296,666,1468,1199,1574,1235,1067,711,1133,1214,815,1135,960,715,1539,982,789,1248,162295,133236,98187,161632,73714,161743,162256,202479,162271,133259,98187,161979,98329,161632,162387,140411,2048008,2048012,2048008,2048016,2048007,2048012,2048008,2048014,2048008,2048013,2048008,2048012,2048007,2048017,2048012,2048014,1387741,5862669,5920102,5833910,5605782,5814144,5995014,5819475,5561642,5943906,5938965,4332642,5678815,6016268,5914222,5915309,1319540411750212,1319540448669338,1319540453970979,1319540453973888
43,fft_rtc_back_len_256_factors_8_8_4_wgs_256_tpt_32_dim_2_dp_op_CI_CI_unitstride_sbrc_aligned_dirReg,0,0,73,847,847,8192000,256,32768,0,68,0,32,64,0x0,5609181,5609181,211228918,0,6144000,39552000,2688000,1024000,57344000,19260617,45528,178080,177912,179172,181944,177576,178668,178584,181944,178164,178080,134316,182364,178080,178080,179508,2950810,11971593,11935638,11856619,11749289,11960294,11960502,11983380,11749528,11921865,11921218,9028271,11872859,12070177,11998726,12039545,6646,8011,4589,7548,5404,10260,7093,8915,5125,16496,8611,12482,4730,12417,6083,8612,6319,8005,4714,10011,5927,7688,6319,9672,6446,12182,6703,10365,4919,5238,5387,4971,116982,136696,117032,116240,58684,116373,116466,139992,116256,134280,116818,116284,117006,116422,116824,124695,2048008,2048008,2048008,2048009,2048008,2048011,2048008,2048014,2048008,2048009,2048008,2048004,2048008,2048008,2048012,2048010,1171871,4865627,4915205,4758658,4612842,4888059,4864350,4896770,4608850,4863026,4835748,3678258,4647084,4895113,4916678,4867143,1319540413044194,1319540454090976,1319540457638897,1319540457642611
44,_ZL39generate_random_interleaved_data_kernelI12input_val_1DImEdEvT_S2_mmS2_P14rocfft_complexIT0_ES2_mS2_m,0,0,75,847,847,65537024,8,0,0,36,0,32,64,0x0,56832013,56832013,3399742015,0,0,2244642277,0,16384250,0,0,0,0,0,0,0,0,0,0,0,0,0,0,0,0,0,0,15218587,54352778,51777950,50933842,51792220,56212383,55727946,51372195,53696624,54854283,50860486,37775840,53053470,56901641,46079829,56176377,660,801,12,725,764,760,740,882,199,776,769,513,452,853,662,872,813,795,874,800,443,786,587,693,791,727,773,807,882,567,861,45,1024108,1024016,1024108,1024062,1024104,1024108,1024108,1024016,1024016,1024016,1024106,1024062,1024108,1024016,1024108,1024016,1024366,1024368,1024355,1024317,1024272,1024332,1024210,1024649,1024683,1024411,1024306,1025746,1024399,1024790,1024254,1024465,2431871,8523132,8019502,7702780,7897899,8809672,8762472,7908181,8300491,8539344,7758198,5754020,8184908,9051107,6869191,8837337,1319540457798261,1319540459308300,1319540495424292,1319540495452792
45,_ZL47impose_hermitian_symmetry_interleaved_1D_kernelI14rocfft_complexIdEEvPT_mmmmb,0,0,76,847,847,1000,8,0,0,8,0,32,64,0x0,20643,20643,2250,0,0,1625,0,125,0,0,0,0,0,0,0,0,0,0,0,0,0,0,0,0,0,0,203,811,1387,1460,1480,2472,1378,2272,2212,1674,1707,639,1604,1598,1548,1584,0,0,0,0,0,0,0,0,0,0,0,0,0,0,0,0,0,0,0,0,0,0,0,0,0,0,0,0,0,0,0,0,0,0,0,23,0,0,0,92,0,46,0,0,0,0,0,0,88,64,64,65,48,66,64,68,126,66,56,152,64,64,65,64,123,491,1051,1140,1160,2136,1042,1936,1892,1354,1387,399,1268,1278,1228,1264,1319540459294512,1319540495551009,1319540495555009,1319540495968723
46,c2r_even_pre_Ndiv4_dim1_dp_CI_CI,0,0,78,847,847,65536000,256,0,0,24,0,32,64,0x0,4631455,4631455,127941672,0,0,65050000,1539000,1538000,0,0,26064,101616,102279,102471,104472,101592,102663,102594,104376,101574,102090,76533,104868,101688,101880,102240,4449001,18388628,18361385,18355791,18251008,18310006,18259697,18272561,18155856,18377999,18279283,13717332,18163240,18318026,18324495,18302235,9654,16692,14206,33075,15060,12335,9333,1377509,23943,9016,11542,12033,23819,8544,11786,9876,11760,13345,23818,34219,16625,11533,16790,726147,26012,8579,12905,12582,44873,9739,9418,7778,951543,944134,947111,1204643,953007,947438,954561,1186973,1206598,948985,947907,947165,1199853,950264,948577,951640,2140748,2149053,2146166,2144242,2137033,2145479,2138899,2163405,2142288,2144229,2144369,2145094,2149202,2142913,2144837,2140503,3038168,11937821,12181858,12126369,12367493,11895011,11995297,12030576,12398850,11879593,12046535,9140006,12152980,11888367,12164002,12044014,1319540460471963,1319540495679806,1319540498607260,1319540498610725
47,fft_rtc_back_len_256_factors_4_4_4_4_wgs_256_tpt_64_dim_2_dp_op_CI_CI_sbcc_twdbase6_3step_dirReg,0,0,79,847,847,16384000,256,19456,0,60,0,32,64,0x0,8372269,8372269,347754452,0,9408000,73024000,3520000,1024000,59176000,13452217,59565,233585,234355,235290,237105,233915,233915,234630,236940,233145,233915,176110,236775,232925,233640,234190,4800499,19557111,19586659,19443656,19268178,19544818,19638598,19429289,19313201,19555167,19642458,14599422,19340923,19627489,19629258,19481728,884,1238,1106,760,880,834,1271,870,852,1464,826,805,797,765,707,314,876,784,1141,869,708,741,1199,1004,864,1332,1040,1023,861,978,1684,763,162523,133173,98469,161837,73887,161951,162537,202274,162538,133196,98469,162254,98599,161884,162615,140366,2048008,2048012,2048008,2048016,2048007,2048012,2048008,2048014,2048008,2048013,2048008,2048012,2048007,2048018,2048012,2048013,1354170,5881653,5865130,5740467,5607296,5866050,5923402,5779584,5596847,5923326,5895753,4365204,5646204,6024322,5902786,5880300,1319540461703224,1319540498727258,1319540504025699,1319540504028739
48,fft_rtc_back_len_256_factors_8_8_4_wgs_256_tpt_32_dim_2_dp_op_CI_CI_unitstride_sbrc_aligned_dirReg,0,0,80,847,847,8192000,256,32768,0,68,0,32,64,0x0,5602551,5602551,211224611,0,6144000,39552000,2688000,1024000,57344000,19153944,45192,177660,178080,178500,182112,178248,178416,178752,182532,177912,178836,134652,182196,178164,178080,178668,2940688,11956253,11908163,11924128,11766854,12029316,11962196,11989683,11758675,12016983,11968607,8935262,11829741,12024554,12002272,12076208,6556,6405,4701,6840,3930,6954,7245,9497,8143,9822,3509,11795,3576,7165,6265,10639,3408,5183,3876,8385,4637,7426,7412,11977,6716,9336,4874,10141,4202,7458,5274,9238,117208,137002,117240,116710,58530,116933,116842,139782,116762,133954,117192,116794,117226,116896,117032,125558,2048008,2048008,2048008,2048009,2048006,2048009,2048008,2048012,2048004,2048009,2048008,2048004,2048008,2048010,2048008,2048008,1168837,4940388,4880319,4849124,4638468,4947313,4886936,4888690,4575277,4913778,4902804,3589370,4647039,4906445,4926548,4940278,1319540462925925,1319540504145857,1319540507689937,1319540507692553
49,_ZL39generate_random_interleaved_data_kernelI12input_val_1DImEdEvT_S2_mmS2_P14rocfft_complexIT0_ES2_mS2_m,0,0,82,847,847,65537024,8,0,0,36,0,32,64,0x0,56831106,56831106,3399739353,0,0,2244642277,0,16384250,0,0,0,0,0,0,0,0,0,0,0,0,0,0,0,0,0,0,10465470,45743115,44022385,48976009,50448369,52071266,53261414,53886124,50036786,45328452,47537674,35915768,49886748,46740197,48470604,53097379,667,819,0,692,791,761,763,880,187,790,759,403,389,918,743,888,786,743,915,757,379,719,488,640,806,738,747,806,898,640,861,183,1024108,1024016,1024108,1024016,1024104,1024154,1024108,1024016,1024016,1024016,1024106,1024062,1024108,1024016,1024108,1024016,1024204,1024231,1024201,1024228,1024234,1024304,1024091,1024645,1024697,1024249,1024213,1025992,1024191,1024702,1024128,1024341,1454890,6689512,6342778,7261916,7522535,7746901,8032234,8192729,7316159,6428986,6843487,5335909,7459935,6798816,7336153,8125745,1319540507848523,1319540509656577,1319540545725685,1319540545761574
50,_ZL47impose_hermitian_symmetry_interleaved_1D_kernelI14rocfft_complexIdEEvPT_mmmmb,0,0,83,847,847,1000,8,0,0,8,0,32,64,0x0,26961,26961,2250,0,0,1625,0,125,0,0,0,0,0,0,0,0,0,0,0,0,0,0,0,0,0,0,201,810,816,822,1495,1434,2095,2024,1426,2149,2107,1227,2026,1454,1525,882,0,0,0,0,0,0,0,0,0,0,0,0,0,0,0,0,0,0,0,0,0,0,0,0,0,0,0,0,0,0,0,0,0,0,0,0,0,0,0,92,0,46,0,23,0,0,0,0,88,64,64,64,48,66,64,68,126,66,56,129,88,64,65,64,121,490,496,502,1159,1098,1759,1704,1106,1813,1771,987,1706,1134,1205,562,1319540509643964,1319540545852721,1319540545860721,1319540546274035
51,c2r_even_pre_Ndiv4_dim1_dp_CI_CI,0,0,85,847,847,65536000,256,0,0,24,0,32,64,0x0,4633965,4633965,127941803,0,0,65050000,1539000,1538000,0,0,25884,101637,103014,102483,104790,101430,102519,101922,104568,101790,101988,76707,104670,101316,102135,102147,4487362,18398224,18299740,18313406,18132794,18366516,18314925,18322576,18199262,18376313,18243492,13739097,18103417,18366896,18307537,18369067,11041,20919,10426,27658,17640,12036,10910,1009732,26304,6077,12509,7546,21632,8617,6042,12055,12404,13642,18428,37677,15586,13118,14133,1135727,27925,9084,14702,8930,43677,8481,10351,7837,951910,943661,947384,1204870,953620,946927,955101,1186500,1207340,949944,947671,947647,1200285,950127,948625,952569,2140134,2149090,2145905,2143984,2136382,2145669,2138228,2163782,2141548,2143553,2144335,2144483,2148773,2143075,2144103,2139447,3139717,11877583,11809351,12118922,12190811,11908779,12132438,12132522,12284460,11827818,12101932,9038891,12224514,11917033,12045781,12097158,1319540510789035,1319540545985358,1319540548913773,1319540548917237
52,fft_rtc_back_len_256_factors_4_4_4_4_wgs_256_tpt_64_dim_2_dp_op_CI_CI_sbcc_twdbase6_3step_dirReg,0,0,86,847,847,16384000,256,19456,0,60,0,32,64,0x0,8366448,8366448,347756209,0,9408000,73024000,3520000,1024000,59176000,13445847,59290,233970,234355,235565,237105,233970,233695,234355,237325,233970,234245,175780,236665,233310,232815,233585,4829159,19545345,19548907,19490438,19229009,19570417,19553689,19471014,19212657,19610405,19546811,14590272,19215853,19610739,19666007,19583628,877,1612,1028,1692,979,769,1412,1068,837,934,1146,807,722,947,732,406,859,1084,1451,1342,1238,819,1692,1089,1432,786,716,970,806,738,865,792,162326,133229,98299,161713,73861,161800,162266,202286,162331,133252,98299,161969,98393,161712,162418,140252,2048008,2048012,2048008,2048015,2048007,2048012,2048008,2048014,2048010,2048013,2048008,2048012,2048007,2048017,2048012,2048012,1385333,5860005,5877793,5777358,5571134,5886278,5915203,5834215,5614282,5894074,5897772,4366909,5620301,5948196,5938788,5919923,1319540511988006,1319540549033930,1319540554330931,1319540554334321
53,fft_rtc_back_len_256_factors_8_8_4_wgs_256_tpt_32_dim_2_dp_op_CI_CI_unitstride_sbrc_aligned_dirReg,0,0,87,847,847,8192000,256,32768,0,68,0,32,64,0x0,5607832,5607832,211226124,0,6144000,39552000,2688000,1024000,57344000,19180260,45360,178164,177828,179508,181440,177660,177828,178584,182448,178080,178500,135156,181776,178164,178332,179172,2966049,11929003,11899497,11912219,11748712,11998042,11916371,12032079,11784063,12037373,12024218,9043608,11835795,11989845,11999698,11989567,7234,8701,7695,8302,7308,5401,8406,7090,4458,10578,3394,9892,4902,11083,4302,13828,4595,8990,5999,6351,4558,6468,6957,7236,4150,8292,4144,7246,7213,7742,5195,10348,117078,137092,117146,116496,58364,116627,116632,140005,116514,134208,116990,116562,117122,116648,116878,125498,2048008,2048008,2048008,2048009,2048006,2048007,2048008,2048011,2048008,2048009,2048008,2048004,2048008,2048008,2048012,2048008,1189570,4865064,4893916,4827136,4652815,4899209,4879023,4915007,4627829,4936635,4956058,3670806,4687775,4882461,4931614,4837976,1319540513278697,1319540554451088,1319540557994688,1319540557998044
54,_ZL39generate_random_interleaved_data_kernelI12input_val_1DImEdEvT_S2_mmS2_P14rocfft_complexIT0_ES2_mS2_m,0,0,89,847,847,65537024,8,0,0,36,0,32,64,0x0,56830663,56830663,3399742188,0,0,2244642277,0,16384250,0,0,0,0,0,0,0,0,0,0,0,0,0,0,0,0,0,0,13436177,57517490,54960940,56797162,54546127,53845706,59249940,51963674,61735262,56524664,61016597,41306938,52091837,45285963,54170684,61241558,693,759,150,714,774,773,824,959,114,756,774,405,409,936,798,924,778,766,891,785,502,813,542,705,804,779,750,808,910,725,879,0,1024108,1024016,1024108,1024016,1024104,1024108,1024154,1024016,1024016,1024016,1024106,1024062,1024108,1024016,1024108,1024016,1024149,1024251,1024307,1024249,1024337,1024328,1024310,1024677,1024549,1024275,1024316,1025873,1024194,1024694,1024116,1024320,2148973,8936987,8510352,8814928,8490437,8349529,9442627,7933543,9953974,8911737,9739422,6353916,7962894,6528887,8431215,9741547,1319540558154985,1319540559669690,1319540595734318,1319540595763286
55,_ZL47impose_hermitian_symmetry_interleaved_1D_kernelI14rocfft_complexIdEEvPT_mmmmb,0,0,90,847,847,1000,8,0,0,8,0,32,64,0x0,26696,26696,2250,0,0,1625,0,125,0,0,0,0,0,0,0,0,0,0,0,0,0,0,0,0,0,0,201,1389,2688,2741,2742,2108,1504,1536,1409,1435,1351,639,857,873,870,885,0,0,0,0,0,0,0,0,0,0,0,0,0,0,0,0,0,0,0,0,0,0,0,0,0,0,0,0,0,0,0,0,0,0,0,0,0,0,23,92,0,46,0,0,0,0,0,0,88,64,64,64,48,66,65,92,128,66,56,128,64,64,65,64,121,1053,2336,2421,2422,1788,1168,1200,1089,1115,1031,399,537,553,550,565,1319540559656026,1319540595861675,1319540595869195,1319540596291006
56,c2r_even_pre_Ndiv4_dim1_dp_CI_CI,0,0,92,847,847,65536000,256,0,0,24,0,32,64,0x0,4613175,4613175,127942159,0,0,65050000,1539000,1538000,0,0,26355,101961,102855,102453,104730,101406,102615,101763,104565,101583,101667,76692,104772,101334,101817,102432,4557424,18300641,18290333,18312729,18144440,18309818,18293302,18291376,18196545,18302704,18288045,13720706,18164400,18296731,18294253,18232043,12956,19617,18292,44033,14412,15905,15135,1154235,30446,7617,8956,12570,23523,9153,11816,9621,12676,16997,20390,36680,18968,15851,15344,799037,29018,14711,14433,12515,57369,11857,10513,10211,950424,943351,946941,1203767,952740,947145,954536,1187957,1207100,948213,947150,947546,1199966,950262,948307,951855,2141189,2148666,2145871,2144753,2136867,2144989,2138357,2161773,2141516,2144489,2143977,2144068,2148465,2142501,2144079,2139848,3052031,11790073,11752263,11910798,12100849,11660203,11794664,12165365,12236078,11837657,11860534,8888114,12113657,11870233,11830697,11882428,1319540560859037,1319540595994312,1319540598909607,1319540598912909
57,fft_rtc_back_len_256_factors_4_4_4_4_wgs_256_tpt_64_dim_2_dp_op_CI_CI_sbcc_twdbase6_3step_dirReg,0,0,93,847,847,16384000,256,19456,0,60,0,32,64,0x0,8374133,8374133,347753930,0,9408000,73024000,3520000,1024000,59176000,13435292,59455,234960,234410,234905,236995,233475,234245,234795,235785,233530,234025,175890,236610,233365,233695,233860,4836243,19534778,19615874,19499177,19257153,19657309,19578704,19536195,19350123,19639978,19533953,14615910,19281203,19610169,19671633,19545410,943,1060,1401,1199,1008,1211,823,1170,772,1394,2205,1999,663,1288,582,1119,887,888,1283,639,1281,1199,919,981,1291,1048,2250,1337,1114,253,797,1076,162455,133317,98387,161818,73893,161923,162428,202431,162443,133340,98387,162166,98513,161814,162593,140367,2048008,2048012,2048008,2048012,2048007,2048012,2048008,2048014,2048008,2048013,2048008,2048012,2048007,2048017,2048014,2048012,1394703,5847469,5896929,5774513,5598412,5932386,5865637,5831588,5693425,5931498,5877528,4422579,5699123,5996712,5948349,5912844,1319540562076128,1319540599029604,1319540604330445,1319540604334043
58,fft_rtc_back_len_256_factors_8_8_4_wgs_256_tpt_32_dim_2_dp_op_CI_CI_unitstride_sbrc_aligned_dirReg,0,0,94,847,847,8192000,256,32768,0,68,0,32,64,0x0,5590248,5590248,211226553,0,6144000,39552000,2688000,1024000,57344000,19217248,45444,178164,178248,179340,182784,177072,177660,179592,182532,177576,178080,134232,181440,178248,178080,179508,2903924,11968907,11916687,11862588,11758127,11902400,11877463,11938080,11728645,11953363,11930392,8906198,11799651,12051985,12005687,12059464,6261,7383,4037,6904,6227,7381,8912,9375,8737,7856,5324,9304,3939,10501,8807,6000,6222,7894,3992,5946,5723,8818,4690,4607,7293,9124,5872,6506,4240,8961,4390,10536,117356,137663,117320,116608,58172,116755,116914,140022,116646,134039,117166,116718,117310,116752,117086,126305,2048010,2048008,2048008,2048009,2048006,2048007,2048008,2048011,2048004,2048009,2048008,2048004,2048008,2048008,2048008,2048008,1127094,4870142,4853075,4789309,4585854,4891590,4858230,4809535,4557338,4916885,4865057,3548246,4635093,4938667,4917850,4868981,1319540563312189,1319540604450922,1319540607983643,1319540607986726
